#NAME	2WT-2m_S1	3WT-2m_S1	5WT-2m_S2	8WT-2m_S3	9WT-2m_S4	10WT-2m_S5	2AD-2m_S6	4AD-2m_S2	5AD-2m_S7	8AD-2m_S8	9AD-2m_S9	10AD-2m_S10	2WT-6m_S11	3WT-6m_S1	5WT-6m_S12	8WT-6m_S2	9WT-6m_S3	10WT-6m_S4	2AD-6m_S5	4AD-6m_S7	5AD-6m_S6	8AD-6m_S8	9AD-6m_S9	10AD-6m_S10	2WT-12m_S1	5WT-12m_S2	6WT-12m_S4	8WT-12m_S3	9WT-12m_S5	10WT-12m_S6	2AD-12m_S7	5AD-12m_S8	6AD-12m_S9	8AD-12m_S10	9AD-12m_S11	10AD-12m_S12
k__Bacteria;p__Verrucomicrobia;c__Verrucomicrobiae;o__Verrucomicrobiales;f__Akkermansiaceae;g__Akkermansia;s__Akkermansia_muciniphila	0	27884	2822	0	0	0	76	512772	360726	160650	0	0	0	0	316	740	0	0	0	210224	0	0	0	0	0	19152	0	99828	0	0	1224934	0	0	22502	0	0
k__Bacteria;p__Tenericutes;c__Mollicutes;o__Acholeplasmatales;f__Acholeplasmatales_unclassified;g__GGB31312;s__GGB31312_SGB44628	8640	278906	1437438	35336	8746	38442	77824	515400	104396	3678	5214	378060	26522	158962	629326	7936	68880	143308	85170	235598	9796	6852	62418	201766	14380	175840	174672	31254	71812	61324	25880	5218	68200	552252	143440	9518
k__Bacteria;p__Proteobacteria;c__CFGB9469;o__OFGB9469;f__FGB9469;g__GGB28310;s__GGB28310_SGB40880	58860	486524	538328	699752	186628	177350	118686	232842	24882	603392	1566056	412944	237982	146068	177776	318812	476154	73430	236890	105466	1616	23774	27584	70824	90714	129654	116148	75446	477942	264004	123818	1514	337204	398284	523964	14772
k__Bacteria;p__Proteobacteria;c__Betaproteobacteria;o__Burkholderiales;f__Sutterellaceae;g__Turicimonas;s__Turicimonas_muris	11610	231312	0	10978	0	1828	9366	693830	87584	109544	57604	13252	9048	11606	0	0	3016	6606	141576	169772	0	45604	112474	13416	16302	5452	27058	8082	16464	25522	257084	2222	545080	65166	141382	305688
k__Bacteria;p__Proteobacteria;c__Betaproteobacteria;o__Burkholderiales;f__Sutterellaceae;g__Parasutterella;s__Parasutterella_sp_NM82_D38	295684	299756	104928	183532	40970	402890	512612	269134	196850	82676	143486	155932	68336	106336	15412	15462	64372	163334	186168	6984	471774	273642	154466	208896	204574	100852	108018	97646	147908	312990	57980	271474	41410	78836	59594	195708
k__Bacteria;p__Proteobacteria;c__Betaproteobacteria;o__Burkholderiales;f__Sutterellaceae;g__Parasutterella;s__Parasutterella_excrementihominis	0	0	0	0	0	0	0	0	0	0	0	0	0	0	0	0	0	0	0	0	0	0	0	0	0	0	0	0	0	0	0	0	0	688	0	0
k__Bacteria;p__Firmicutes;c__Firmicutes_unclassified;o__Firmicutes_unclassified;f__Firmicutes_unclassified;g__Firmicutes_unclassified;s__Firmicutes_bacterium_ASF500	0	134	10006	868	4346	130	6496	1578	44	6764	27124	25486	5328	12350	5238	2506	33584	1766	13860	4422	514	1474	850	3494	2544	2868	15710	1188	39084	2076	6554	21980	12332	30618	8754	1916
k__Bacteria;p__Firmicutes;c__Erysipelotrichia;o__Erysipelotrichales;f__Erysipelotrichaceae;g__Turicibacter;s__Turicibacter_sp_TS3	117408	1367466	18460	1016848	21396	364824	3272840	2583520	841606	605738	854042	881096	3004	587270	62368	21928	486948	1794046	1180478	1282936	0	4005148	73060	1048874	4738530	328566	640228	1606318	1201466	2610136	287656	58020	901112	1032602	771924	1754190
k__Bacteria;p__Firmicutes;c__Erysipelotrichia;o__Erysipelotrichales;f__Erysipelotrichaceae;g__GGB31184;s__GGB31184_SGB44478	196378	41190	17312	24382	38398	11946	553954	245646	104798	41908	37072	214080	8732	4776	1122	1378	8288	18144	28818	18126	328604	121534	103150	25990	5010	60030	41846	63246	19388	72076	104210	278622	125858	46094	36446	86664
k__Bacteria;p__Firmicutes;c__Erysipelotrichia;o__Erysipelotrichales;f__Erysipelotrichaceae;g__GGB29468;s__GGB29468_SGB42247	0	0	0	0	0	0	0	0	0	0	0	0	0	0	0	0	0	0	0	0	0	0	0	0	4430884	0	0	0	0	0	5225844	0	0	0	0	0
k__Bacteria;p__Firmicutes;c__Erysipelotrichia;o__Erysipelotrichales;f__Erysipelotrichaceae;g__Erysipelatoclostridium;s__Clostridium_cocleatum	49038	33214	1158	6074	3946	12156	5084	60486	121238	30752	148848	0	0	6568	0	6212	4700	9244	0	50994	155824	0	180792	78152	3592	5744	33304	1138	0	23006	191960	1738348	79240	21130	70210	728082
k__Bacteria;p__Firmicutes;c__Clostridia;o__Clostridiales;f__Ruminococcaceae;g__Pseudoflavonifractor;s__Pseudoflavonifractor_sp_60	0	6244	10758	4024	2000	1160	10674	2076	686	5494	12164	12658	17506	3074	3838	7652	17248	1614	8064	5650	8738	1410	17642	5726	1832	2744	14030	3882	35338	3358	18832	0	10954	30636	16004	0
k__Bacteria;p__Firmicutes;c__Clostridia;o__Clostridiales;f__Ruminococcaceae;g__Neglecta;s__Neglecta_sp_X4	4152	10494	19856	16482	24788	48052	1296	2870	64	628	0	498	22252	49986	1368	5856	26438	7424	0	5528	0	2046	6432	5144	5214	6194	3904	9068	20416	0	2264	0	6982	23448	20690	23004
k__Bacteria;p__Firmicutes;c__Clostridia;o__Clostridiales;f__Ruminococcaceae;g__GGB3171;s__GGB3171_SGB4185	0	0	100328	283026	0	0	0	0	0	60476	0	0	0	0	11754	64712	0	0	0	0	1270	0	0	0	0	29684	0	75460	0	0	0	0	0	30288	0	0
k__Bacteria;p__Firmicutes;c__Clostridia;o__Clostridiales;f__Ruminococcaceae;g__GGB30475;s__GGB30475_SGB63182	4172	11546	61358	20552	13230	8030	9334	2244	682	20020	19158	27472	35658	20930	9998	19608	14868	2368	12468	4200	5860	2892	10558	4224	6842	11452	27828	20302	28336	4092	11618	0	23176	21440	33658	1524
k__Bacteria;p__Firmicutes;c__Clostridia;o__Clostridiales;f__Ruminococcaceae;g__GGB30473;s__GGB30473_SGB43557	26990	84406	63800	75382	12138	58212	103324	56182	21124	53614	81678	62416	73698	41462	47200	37746	32268	47018	51478	36474	47876	36838	68740	37486	44912	40494	70256	60654	55916	50400	70116	24818	96938	80670	63058	39102
k__Bacteria;p__Firmicutes;c__Clostridia;o__Clostridiales;f__Ruminococcaceae;g__GGB30466;s__GGB30466_SGB43546	14436	18204	57612	27148	42142	20742	43874	5298	1536	6832	110560	26608	40412	57606	19518	24184	63770	11752	30650	12748	10204	8114	12646	27384	14772	16282	51446	6686	67964	9704	32038	27934	44270	98378	52978	15322
k__Bacteria;p__Firmicutes;c__Clostridia;o__Clostridiales;f__Ruminococcaceae;g__GGB30466;s__GGB30466_SGB43544	0	0	0	11120	0	0	8334	4586	0	17824	6328	18792	666	4504	11960	1928	0	4154	14026	5414	550	3988	17184	0	2522	0	105996	12410	9840	0	5902	0	18666	4172	25574	0
k__Bacteria;p__Firmicutes;c__Clostridia;o__Clostridiales;f__Ruminococcaceae;g__GGB30466;s__GGB30466_SGB43541	3348	46786	73848	25960	99720	30016	39104	21424	4444	25356	16158	32540	92128	54616	11514	30686	62090	20486	1376	11754	2910	9616	18902	18114	19378	4710	90172	16370	18864	4732	13264	15136	63906	25840	65456	5050
k__Bacteria;p__Firmicutes;c__Clostridia;o__Clostridiales;f__Ruminococcaceae;g__GGB30466;s__GGB30466_SGB43540	0	10112	0	12792	0	0	11484	15304	9588	32182	215562	11958	19046	5248	1838	400	1158	0	7036	0	0	2124	1226	566	2854	8998	23934	10082	13082	0	25576	0	9902	12832	15246	3684
k__Bacteria;p__Firmicutes;c__Clostridia;o__Clostridiales;f__Ruminococcaceae;g__GGB30461;s__GGB30461_SGB63209	1792	13396	88396	22276	11378	7792	16736	12394	3168	12664	45660	43990	36216	25018	33600	15506	31534	10370	10424	16252	3774	7420	22040	12660	7032	6888	50988	8530	32400	8206	45780	0	16040	62062	78358	1470
k__Bacteria;p__Firmicutes;c__Clostridia;o__Clostridiales;f__Ruminococcaceae;g__GGB30461;s__GGB30461_SGB43533	31790	82948	721576	513536	152990	93418	38774	3928	1776	16890	178042	9190	148386	51302	173224	129020	39372	110728	66126	17654	7028	19052	52542	39802	18600	18058	36606	51304	11666	12988	21896	138	153480	22628	111594	6090
k__Bacteria;p__Firmicutes;c__Clostridia;o__Clostridiales;f__Ruminococcaceae;g__GGB30461;s__GGB30461_SGB43531	0	3810	0	0	0	0	0	822	6830	55524	15038	6910	49514	5166	13872	2048	4588	11158	1542	2446	3004	0	7898	0	2446	1974	0	11024	0	1130	3826	0	5734	56978	7322	0
k__Bacteria;p__Firmicutes;c__Clostridia;o__Clostridiales;f__Ruminococcaceae;g__GGB30461;s__GGB30461_SGB43530	418	952	215456	23758	7648	6862	8964	0	0	0	0	0	4560	10604	1658	6432	3970	0	242	1830	0	6432	0	9794	0	2222	40144	0	0	0	0	0	1174	0	892	6352
k__Bacteria;p__Firmicutes;c__Clostridia;o__Clostridiales;f__Ruminococcaceae;g__GGB30461;s__GGB30461_SGB43527	408	1356	36504	5142	5976	0	0	0	0	0	0	0	5274	5784	3066	9382	0	0	2294	0	0	1522	0	442	0	3176	0	2390	3256	684	0	0	21104	626	25142	0
k__Bacteria;p__Firmicutes;c__Clostridia;o__Clostridiales;f__Ruminococcaceae;g__GGB30460;s__GGB30460_SGB43526	0	29216	5238	17010	0	1840	58102	42320	13694	55212	70366	59476	61416	13204	15090	11518	37662	3102	21702	62130	17104	9298	37138	37256	1552	16708	42132	79510	50974	2054	256806	0	90064	317746	206498	3482
k__Bacteria;p__Firmicutes;c__Clostridia;o__Clostridiales;f__Ruminococcaceae;g__GGB30459;s__GGB30459_SGB43525	0	39940	0	19114	29716	0	18192	1274	86862	41668	322974	10904	97516	64264	49206	10618	78432	48126	24662	2772	56142	47252	32054	157458	55982	127086	686672	23648	360450	49810	67284	0	60680	429680	16688	9490
k__Bacteria;p__Firmicutes;c__Clostridia;o__Clostridiales;f__Ruminococcaceae;g__GGB30457;s__GGB30457_SGB43523	5246	96578	460280	94930	54100	54336	90928	26422	12526	42938	249942	41760	244144	62742	71184	56036	72866	28014	42774	29788	24586	13062	13940	79328	59840	16806	105942	35790	74046	9560	76490	11688	30478	46702	106540	8090
k__Bacteria;p__Firmicutes;c__Clostridia;o__Clostridiales;f__Ruminococcaceae;g__GGB30457;s__GGB30457_SGB43521	25516	41746	30590	28936	216014	56272	30586	4442	2258	9704	15552	7786	43492	9258	23970	36768	7474	69034	6650	250	2196	9368	886	0	11444	8236	17244	3494	22502	1910	1218	0	2260	2660	7522	0
k__Bacteria;p__Firmicutes;c__Clostridia;o__Clostridiales;f__Ruminococcaceae;g__GGB30454;s__GGB30454_SGB43516	76948	122986	482812	167072	138928	65464	32966	38650	1936	10920	31112	24598	116728	41880	128868	90210	55544	35434	7394	7094	1920	9142	17890	40892	34738	5712	47296	216836	309146	14760	45626	0	8256	19262	54628	0
k__Bacteria;p__Firmicutes;c__Clostridia;o__Clostridiales;f__Ruminococcaceae;g__GGB30454;s__GGB30454_SGB43514	8310	160812	103384	47520	31246	210264	555324	192004	145456	538932	1500596	413942	584414	243868	147556	86016	281788	96310	532484	134860	82974	234000	112086	113758	168666	115746	316724	55196	722198	100550	281454	0	225922	256888	234162	12202
k__Bacteria;p__Firmicutes;c__Clostridia;o__Clostridiales;f__Ruminococcaceae;g__GGB30451;s__GGB30451_SGB43508	15224	153264	40042	274374	179178	45284	73674	14966	3274	80682	117972	85116	213868	69594	154718	33876	52286	14792	70280	17816	48084	10470	7156	38520	11480	22874	35946	15432	54188	4342	106766	0	83702	62542	63612	2540
k__Bacteria;p__Firmicutes;c__Clostridia;o__Clostridiales;f__Ruminococcaceae;g__GGB30449;s__GGB30449_SGB43506	3080	32350	0	20846	10846	19360	10128	0	0	0	0	10606	58398	7492	5538	26830	20756	11078	4602	0	0	2798	4276	0	13946	40	9752	1606	16690	8502	10460	0	9160	0	10214	0
k__Bacteria;p__Firmicutes;c__Clostridia;o__Clostridiales;f__Ruminococcaceae;g__GGB30448;s__GGB30448_SGB43504	4600	59002	328892	29640	65160	15504	14026	3698	5066	16870	51570	64120	87866	77120	137996	60212	122690	28682	10490	19718	33582	26584	24770	7594	26528	15202	93866	31114	110222	12644	24810	830	41132	79964	85734	9070
k__Bacteria;p__Firmicutes;c__Clostridia;o__Clostridiales;f__Ruminococcaceae;g__GGB30448;s__GGB30448_SGB43503	1528	20744	4316	253212	0	0	3972	32680	20428	43900	97102	15236	49576	42614	8752	298	43050	0	16570	0	5694	444	217570	6766	0	176	25180	1780	2548	12918	49216	0	22724	2864	115220	19974
k__Bacteria;p__Firmicutes;c__Clostridia;o__Clostridiales;f__Ruminococcaceae;g__GGB30448;s__GGB30448_SGB43502	3140	0	0	552	12582	14160	6982	92	354	3340	41774	2794	33558	5796	34160	42974	6898	2226	30522	3172	1254	4948	19160	3360	7836	6484	68960	3344	10588	3758	10940	2876	10380	7016	29544	0
k__Bacteria;p__Firmicutes;c__Clostridia;o__Clostridiales;f__Ruminococcaceae;g__GGB30445;s__GGB30445_SGB43494	0	3960	408	9086	0	1846	2888	0	0	0	3398	2234	3768	21186	526	10994	0	0	0	4900	0	0	8368	398	1654	536	2668	4912	18306	10826	0	0	3932	0	7842	0
k__Bacteria;p__Firmicutes;c__Clostridia;o__Clostridiales;f__Ruminococcaceae;g__GGB30444;s__GGB30444_SGB43493	0	54240	5224	5706	1084	1714	43684	0	0	0	904	11962	5510	0	64870	2192	1284	0	54338	3778	5138	0	0	2422	186	8192	0	0	22628	282	0	0	0	3000	1060	1020
k__Bacteria;p__Firmicutes;c__Clostridia;o__Clostridiales;f__Ruminococcaceae;g__GGB30311;s__GGB30311_SGB43288	0	588	0	3574	2118	1076	0	1360	410	994	746	4334	11962	0	1074	780	136	0	5142	1142	5528	0	660	6718	382	0	206	3530	0	0	4532	0	15402	11034	35034	0
k__Bacteria;p__Firmicutes;c__Clostridia;o__Clostridiales;f__Ruminococcaceae;g__GGB30297;s__GGB30297_SGB43261	0	6240	49090	0	5094	4030	1774	4288	316	4472	8806	1416	6772	5532	0	658	6512	360	926	1510	1660	1852	6216	4958	0	0	2770	618	1992	110	7588	0	8448	0	11978	0
k__Bacteria;p__Firmicutes;c__Clostridia;o__Clostridiales;f__Ruminococcaceae;g__GGB30296;s__GGB30296_SGB43260	0	44926	20776	2984	13360	8050	25718	1134	0	5072	13102	9994	35520	25144	518	8006	19854	340	1478	2256	204	2736	3268	22104	6828	2394	35362	10562	10698	0	3620	0	0	40710	19004	0
k__Bacteria;p__Firmicutes;c__Clostridia;o__Clostridiales;f__Ruminococcaceae;g__GGB30295;s__GGB30295_SGB43259	13650	5212	27962	209722	184160	28682	43688	2782	48	51142	13564	135540	56332	4628	45494	161214	4734	25986	0	194	974	23512	2106	10476	39638	60230	110484	24140	134510	27548	0	0	13016	26416	28982	0
k__Bacteria;p__Firmicutes;c__Clostridia;o__Clostridiales;f__Ruminococcaceae;g__GGB30290;s__GGB30290_SGB43252	0	2176	0	0	0	0	3172	127822	50744	114694	88308	32710	4772	41800	2898	0	0	0	20126	63802	77912	2414	163896	8022	0	14482	223324	109386	30826	80930	72218	0	128608	182712	234418	172174
k__Bacteria;p__Firmicutes;c__Clostridia;o__Clostridiales;f__Ruminococcaceae;g__GGB30091;s__GGB30091_SGB43003	22582	72460	49896	103738	98756	66962	208238	183212	36088	46210	36378	322436	282740	3788	0	291544	163868	13388	116966	61016	0	43600	4004	101220	32484	0	21452	138974	123572	58600	5710	111744	20178	208938	67228	82022
k__Bacteria;p__Firmicutes;c__Clostridia;o__Clostridiales;f__Ruminococcaceae;g__GGB29549;s__GGB29549_SGB42343	0	0	283154	55060	0	0	0	51410	43970	1832	0	0	0	0	278622	238394	0	0	0	1262	0	6798	0	0	582	343526	0	264714	0	0	0	0	35334	855712	0	0
k__Bacteria;p__Firmicutes;c__Clostridia;o__Clostridiales;f__Ruminococcaceae;g__Anaerotruncus;s__Anaerotruncus_colihominis	0	0	3688	0	0	0	0	0	0	0	870	0	0	0	0	0	0	0	0	0	0	0	0	0	0	0	0	0	0	0	0	12570	0	3444	0	0
k__Bacteria;p__Firmicutes;c__Clostridia;o__Clostridiales;f__Ruminococcaceae;g__Acutalibacter;s__Acutalibacter_sp_1XD8_36	0	26538	168644	0	0	2434	50574	10744	1114	12562	76666	10548	108272	41910	0	9664	22374	7430	75194	28726	6764	9834	15116	27222	11250	7606	51552	25406	60738	2468	54134	0	22194	119076	85914	224
k__Bacteria;p__Firmicutes;c__Clostridia;o__Clostridiales;f__Ruminococcaceae;g__Acutalibacter;s__Acutalibacter_muris	60846	4740	28300	292360	2154	24510	61330	16556	4118	12038	16600	93316	102748	2500	754742	262408	130530	85840	33904	42420	4994	7900	29444	18286	17484	36540	25922	98194	126238	69888	32488	0	97694	11882	83454	0
k__Bacteria;p__Firmicutes;c__Clostridia;o__Clostridiales;f__Peptostreptococcaceae;g__Romboutsia;s__Romboutsia_ilealis	0	0	0	16874	0	0	0	0	0	23648	0	0	22248	12958	4738	774	0	0	42524	974	2264	101434	0	0	318008	24706	3548	279854	0	0	219566	435698	67996	153232	0	1532
k__Bacteria;p__Firmicutes;c__Clostridia;o__Clostridiales;f__Oscillospiraceae;g__Oscillibacter;s__Oscillibacter_sp_1_3	0	4908	18046	5040	18710	27052	3306	0	864	0	4770	2556	71184	8530	1174	3380	9774	10716	0	0	148	1468	6376	0	2526	1286	17156	4864	12632	2492	154	0	8540	524	1642	740
k__Bacteria;p__Firmicutes;c__Clostridia;o__Clostridiales;f__Lachnospiraceae;g__Schaedlerella;s__Schaedlerella_arabinosiphila	0	21810	522	21302	65956	7668	2036	0	3652	20276	0	7880	23104	0	20688	59630	107564	0	5042	0	948	1664	23710	0	25552	24050	96892	11192	43080	2982	163688	0	164354	139800	99104	0
k__Bacteria;p__Firmicutes;c__Clostridia;o__Clostridiales;f__Lachnospiraceae;g__Roseburia;s__Roseburia_sp_1XD42_69	12228	233776	0	32968	0	8218	19674	2220	11454	7372	62	31336	817490	64	160326	11014	327358	36098	68202	0	14910	80166	0	172992	74260	215156	96074	98916	760842	30910	95112	0	22236	144850	7528	0
k__Bacteria;p__Firmicutes;c__Clostridia;o__Clostridiales;f__Lachnospiraceae;g__Lachnospiraceae_unclassified;s__Lachnospiraceae_bacterium_WCA_9_b2	9050	28546	4118	14654	1186	56868	0	0	0	0	14834	11522	20730	12860	306	22198	13690	13256	7088	0	6880	0	0	0	14398	0	11146	7262	8770	8016	4116	0	0	5962	0	104
k__Bacteria;p__Firmicutes;c__Clostridia;o__Clostridiales;f__Lachnospiraceae;g__Lachnospiraceae_unclassified;s__Lachnospiraceae_bacterium_MD335	0	72548	0	0	0	5872	36332	3802	626	0	3674	0	8580	55726	12954	0	20284	53580	0	30538	0	0	27498	3536	428	1900	46080	0	48894	22574	32772	0	8826	454058	0	21844
k__Bacteria;p__Firmicutes;c__Clostridia;o__Clostridiales;f__Lachnospiraceae;g__Lachnospiraceae_unclassified;s__Lachnospiraceae_bacterium_MD329	20434	1628	0	0	1108	3498	0	47034	0	30750	5822	0	0	1396	0	0	10884	0	0	1208	0	4450	56906	848	0	0	15514	0	1888	10508	74972	0	16156	30094	7912	7548
k__Bacteria;p__Firmicutes;c__Clostridia;o__Clostridiales;f__Lachnospiraceae;g__Lachnospiraceae_unclassified;s__Lachnospiraceae_bacterium_MD308	72620	238858	63658	219656	111892	158934	438852	349066	4636	279150	374714	287210	81434	92512	77534	22788	333750	49692	42536	35768	0	49102	11674	34326	9876	81236	362014	35314	176470	100050	51944	0	224136	48236	99808	14152
k__Bacteria;p__Firmicutes;c__Clostridia;o__Clostridiales;f__Lachnospiraceae;g__Lachnospiraceae_unclassified;s__Lachnospiraceae_bacterium_A4	863008	841980	12436164	31808	0	257528	598012	1743690	262346	923386	1950396	2710744	30230	157520	3447036	108692	0	153052	21484	1717958	472	4188	55930	24630	108820	467356	104794	33088	0	64186	17348	3508460	11702	3157560	1919906	21634
k__Bacteria;p__Firmicutes;c__Clostridia;o__Clostridiales;f__Lachnospiraceae;g__Lachnospiraceae_unclassified;s__Lachnospiraceae_bacterium_A2	6508	633610	1328468	158422	74092	410450	623104	117860	1314	0	5931918	5422510	252470	5628518	177038	24532	4701344	13340	540764	16294	188686	62730	116664	1026702	955560	25150	0	645974	36686	361442	0	3622	80	526696	2721294	90538
k__Bacteria;p__Firmicutes;c__Clostridia;o__Clostridiales;f__Lachnospiraceae;g__Lachnospiraceae_unclassified;s__Lachnospiraceae_bacterium_28_4	5360	110974	1060286	0	141936	82118	410	1796	0	0	66990	0	342032	23384	29954	2848	18970	103878	2840	14776	27832	16162	164	160028	13890	0	17656	486	197910	1050	129914	530840	0	387702	523450	0
k__Bacteria;p__Firmicutes;c__Clostridia;o__Clostridiales;f__Lachnospiraceae;g__Lachnospiraceae_unclassified;s__Lachnospiraceae_bacterium_10_1	32234	470164	27528	680274	620600	465996	56832	529940	367576	410788	1497730	311600	3430266	1803626	105730	32268	440242	172504	87402	423662	206736	141900	489730	307286	52166	596100	2598002	48722	304936	62490	362114	54650	97818	805464	1209156	532822
k__Bacteria;p__Firmicutes;c__Clostridia;o__Clostridiales;f__Lachnospiraceae;g__Lachnospiraceae_unclassified;s__Lachnospiraceae_bacterium	549862	715880	2161580	995428	772176	774488	1428098	417218	131758	427168	847484	657326	1358598	705182	546172	397660	842072	586028	712068	686734	610792	638108	604396	2071312	442074	297804	2359478	972084	1028538	293466	654340	1461358	1293314	1057680	2344412	557988
k__Bacteria;p__Firmicutes;c__Clostridia;o__Clostridiales;f__Lachnospiraceae;g__GGB29009;s__GGB29009_SGB41729	67192	449976	320880	240124	506710	341980	177614	92182	66180	391794	177640	413926	584792	567296	28140	274672	479750	196088	216602	3428	0	161402	118148	858688	56962	138392	3139638	344716	642430	124906	254464	1906	1555690	0	734518	213934
k__Bacteria;p__Firmicutes;c__Clostridia;o__Clostridiales;f__Lachnospiraceae;g__GGB29006;s__GGB29006_SGB41724	0	0	0	0	1608	2144	0	11930	0	0	0	1902	0	0	1216	0	0	0	0	131470	0	0	640194	0	1660	7162	0	0	0	0	0	1283870	0	0	0	0
k__Bacteria;p__Firmicutes;c__Clostridia;o__Clostridiales;f__Lachnospiraceae;g__GGB29005;s__GGB29005_SGB41723	306306	965700	2860768	507024	138508	693636	1807140	1133214	221326	776050	42162	5154610	1935414	2960730	288512	108172	3849450	64374	306666	22840	906610	376214	24622	369732	3854	82276	18530	1280596	57276	452392	1198638	1776	6710	0	1818048	1171860
k__Bacteria;p__Firmicutes;c__Clostridia;o__Clostridiales;f__Lachnospiraceae;g__GGB28968;s__GGB28968_SGB41679	4406	20278	63638	27154	16500	2412	6646	12512	5968	26078	28050	24166	25466	17728	15580	17208	23272	9480	4080	8694	10658	12608	14656	11210	3788	4664	14880	12666	22826	74	13650	53532	40284	34802	28492	5314
k__Bacteria;p__Firmicutes;c__Clostridia;o__Clostridiales;f__Lachnospiraceae;g__GGB28963;s__GGB28963_SGB41672	2592	7522	133922	0	64158	35170	43458	3364	0	2416	8718	5318	32276	1146	13568	8958	50896	5606	15216	526	22496	2332	11610	13492	5204	1272	6000	14726	17408	3752	51526	0	2906	3364	18502	29634
k__Bacteria;p__Firmicutes;c__Clostridia;o__Clostridiales;f__Lachnospiraceae;g__GGB28960;s__GGB28960_SGB41669	6658	8394	3696	20542	37740	3216	83684	4908	0	22708	17122	36736	88610	20708	69212	41830	55800	4466	8404	10438	2568	3852	118130	188082	4474	56036	70864	53244	105650	5040	51536	0	108066	390000	129000	0
k__Bacteria;p__Firmicutes;c__Clostridia;o__Clostridiales;f__Lachnospiraceae;g__GGB28927;s__GGB28927_SGB41625	22810	109926	1774228	140050	303862	93802	16628	7054	6514	33368	18014	46616	59990	102064	82430	24820	67918	16164	31802	18544	9042	5940	17724	45588	19058	8472	450790	48188	44156	5478	22380	0	60500	51444	116350	6788
k__Bacteria;p__Firmicutes;c__Clostridia;o__Clostridiales;f__Lachnospiraceae;g__GGB28926;s__GGB28926_SGB41623	16854	23330	55136	84452	15290	8464	50872	3846	67100	38336	66480	47318	41832	43304	31986	8214	107550	15090	22512	10730	27742	29748	2828	17140	6154	16470	119476	37514	119818	13862	72562	29226	38806	64710	114682	6510
k__Bacteria;p__Firmicutes;c__Clostridia;o__Clostridiales;f__Lachnospiraceae;g__GGB28924;s__GGB28924_SGB41621	36886	162194	56304	88032	31874	20396	131582	21504	7364	40544	13440	40076	377220	63688	62332	384	263544	19456	45888	6784	0	10418	52958	25298	28494	27748	117602	100968	16758	8122	22516	0	21404	59260	40760	2246
k__Bacteria;p__Firmicutes;c__Clostridia;o__Clostridiales;f__Lachnospiraceae;g__GGB28916;s__GGB28916_SGB41612	31818	60742	0	0	14456	71814	132096	0	0	0	0	89672	0	31320	0	0	9200	15540	25882	0	0	0	0	15864	50562	0	25354	0	50888	3366	6608	0	12104	0	4440	2686
k__Bacteria;p__Firmicutes;c__Clostridia;o__Clostridiales;f__Lachnospiraceae;g__GGB28911;s__GGB28911_SGB41605	13054	65726	0	122348	0	75534	0	0	0	1266	0	3426	19958	2704	35558	2798	8654	25474	22058	1180	0	0	0	94	20506	1988	2050	0	0	25130	0	0	2684	0	238	560
k__Bacteria;p__Firmicutes;c__Clostridia;o__Clostridiales;f__Lachnospiraceae;g__GGB28879;s__GGB28879_SGB41559	2568	5052	243096	65576	66534	33408	558	0	0	0	0	2024	26856	29058	5270	20704	11706	4726	27776	886	0	5956	0	34866	3046	71092	27928	570	9856	2422	0	0	7060	0	23020	572
k__Bacteria;p__Firmicutes;c__Clostridia;o__Clostridiales;f__Lachnospiraceae;g__GGB28875;s__GGB28875_SGB41555	0	0	0	0	1908	0	0	0	0	0	0	0	630	0	0	0	0	0	0	0	0	0	0	0	0	0	0	6476	0	0	0	0	0	0	0	0
k__Bacteria;p__Firmicutes;c__Clostridia;o__Clostridiales;f__Lachnospiraceae;g__GGB28873;s__GGB28873_SGB41553	0	1055224	2186316	1168342	542486	416260	8804	4334	16720	0	0	10510	355816	202524	1213016	15882	143422	3914	304612	7562	30910	52878	3258	35638	4786	43420	0	85852	0	40382	0	0	9486	0	285416	0
k__Bacteria;p__Firmicutes;c__Clostridia;o__Clostridiales;f__Lachnospiraceae;g__GGB28870;s__GGB28870_SGB41549	9178	59748	1291200	53346	47588	46068	286	3738	0	0	2770	372	20716	0	28042	9982	0	30142	194	0	0	2134	0	5432	38250	8022	0	2954	0	0	0	0	0	0	0	0
k__Bacteria;p__Firmicutes;c__Clostridia;o__Clostridiales;f__Lachnospiraceae;g__GGB28870;s__GGB28870_SGB41546	8530	87560	98100	27294	27584	60280	0	2160	0	0	15174	30696	88198	35744	47114	66300	55652	28234	16576	5278	0	8568	4174	12450	15342	8532	26722	14844	41228	4726	0	0	19168	0	37680	6450
k__Bacteria;p__Firmicutes;c__Clostridia;o__Clostridiales;f__Lachnospiraceae;g__GGB28870;s__GGB28870_SGB41545	6488	48282	330954	40404	75072	46820	32446	7558	1918	12574	1832	17054	66374	77466	17864	120290	58248	21968	28420	12238	2822	5232	6246	12434	36460	20062	43222	31978	23012	8924	8962	0	46962	33254	34376	1498
k__Bacteria;p__Firmicutes;c__Clostridia;o__Clostridiales;f__Lachnospiraceae;g__GGB28869;s__GGB28869_SGB41543	0	5396	61556	21774	0	0	1812	2308	0	0	11816	3382	21368	12270	44358	31002	14382	1470	16516	4774	1194	650	0	6476	3826	6110	4242	11722	18250	962	12532	0	17074	1310	36878	0
k__Bacteria;p__Firmicutes;c__Clostridia;o__Clostridiales;f__Lachnospiraceae;g__GGB28868;s__GGB28868_SGB41542	0	0	0	2238	0	0	0	0	0	0	0	0	0	0	0	0	0	0	0	0	0	0	0	0	0	0	0	0	0	0	0	0	0	0	0	0
k__Bacteria;p__Firmicutes;c__Clostridia;o__Clostridiales;f__Lachnospiraceae;g__GGB28864;s__GGB28864_SGB41535	0	13058	185378	28514	38326	6934	0	4606	188	2536	8396	17026	43218	56962	0	43700	39674	19528	11590	4364	6422	2856	6506	6872	22188	982	11352	35626	0	19234	1604	0	2510	17380	15018	1330
k__Bacteria;p__Firmicutes;c__Clostridia;o__Clostridiales;f__Lachnospiraceae;g__GGB28861;s__GGB28861_SGB41531	66104	180514	588308	323010	145146	246392	48160	73212	113172	435814	217716	132136	409406	546968	16992	353338	196590	108738	62526	57284	8468	80188	77654	246582	60088	38310	49972	103906	34172	13630	137576	0	114792	85162	149250	19916
k__Bacteria;p__Firmicutes;c__Clostridia;o__Clostridiales;f__Lachnospiraceae;g__GGB28860;s__GGB28860_SGB41529	14758	25630	0	0	372	98658	0	0	0	0	0	0	0	0	0	0	0	144	0	0	0	0	0	0	0	0	0	0	0	0	0	0	0	0	0	0
k__Bacteria;p__Firmicutes;c__Clostridia;o__Clostridiales;f__Lachnospiraceae;g__GGB28859;s__GGB28859_SGB41528	0	13012	0	0	0	4594	0	0	0	0	0	0	0	0	0	0	0	0	0	0	0	0	0	0	0	0	0	0	0	0	0	0	0	0	0	0
k__Bacteria;p__Firmicutes;c__Clostridia;o__Clostridiales;f__Lachnospiraceae;g__GGB28856;s__GGB28856_SGB41525	0	11648	20084	7808	5576	0	0	0	0	0	0	0	0	0	0	0	0	0	0	0	0	0	0	0	0	0	0	0	0	0	0	0	0	0	0	0
k__Bacteria;p__Firmicutes;c__Clostridia;o__Clostridiales;f__Lachnospiraceae;g__GGB28853;s__GGB28853_SGB41521	11502	115594	30846	11554	344438	44964	111376	15072	1202	2072	37176	60920	301444	75574	260474	65872	27700	40120	10814	40386	23784	87786	2212	18900	5602	7476	1061416	7664	9358	496	2244	0	36660	3146	18890	11666
k__Bacteria;p__Firmicutes;c__Clostridia;o__Clostridiales;f__Lachnospiraceae;g__GGB28852;s__GGB28852_SGB41519	3436	5208	9082	5282	7938	3224	7148	410	48312	1906	11234	17330	16558	27280	7676	15434	17352	11030	4966	7954	13170	1756	4852	1114	1150	4516	30280	5402	13812	11456	5686	12872	15334	648	8594	28988
k__Bacteria;p__Firmicutes;c__Clostridia;o__Clostridiales;f__Lachnospiraceae;g__GGB28851;s__GGB28851_SGB41518	3418	710	11910	3756	12656	6914	0	0	0	0	0	0	0	0	0	814	0	0	0	0	0	0	0	0	0	1906	0	0	0	0	0	0	0	0	0	0
k__Bacteria;p__Firmicutes;c__Clostridia;o__Clostridiales;f__Lachnospiraceae;g__GGB28849;s__GGB28849_SGB41516	2942	4574	69610	11388	37488	10570	10120	4856	8672	4218	11994	17376	16712	58202	18550	11132	15172	7614	6904	9426	35084	10098	5624	18298	5014	4392	25172	5766	9260	0	4384	196482	21612	9664	22470	27710
k__Bacteria;p__Firmicutes;c__Clostridia;o__Clostridiales;f__Lachnospiraceae;g__GGB28846;s__GGB28846_SGB41513	48912	73390	304934	117282	185556	83370	92824	17922	9440	23500	111544	100040	150372	241916	64894	115502	584598	91428	52118	67560	197214	34010	26498	32956	37950	19972	220076	42320	221868	59210	42360	2416634	53772	160964	82998	418790
k__Bacteria;p__Firmicutes;c__Clostridia;o__Clostridiales;f__Lachnospiraceae;g__GGB28845;s__GGB28845_SGB41512	0	0	0	0	0	0	136	5034	180	7878	59278	7758	6746	25308	11392	6690	0	0	7128	11892	66870	19346	90	10088	2802	7546	57642	10332	6446	1748	13770	0	4298	0	23554	3954
k__Bacteria;p__Firmicutes;c__Clostridia;o__Clostridiales;f__Lachnospiraceae;g__GGB28841;s__GGB28841_SGB41505	0	19084	0	1938	3748	6782	68076	49734	0	696	10992	5694	13776	90138	0	652	22008	82372	7188	12920	4098	14810	142	2256	16080	0	93554	142	217988	784	7190	21062	52602	734	3620	326
k__Bacteria;p__Firmicutes;c__Clostridia;o__Clostridiales;f__Lachnospiraceae;g__GGB28836;s__GGB28836_SGB41496	54840	20186	0	283954	32664	932730	0	4612	0	0	27070	1708	112922	199750	0	51070	0	53948	0	420	0	0	0	28624	118758	0	102754	0	38618	22958	48776	0	14644	0	37532	3820
k__Bacteria;p__Firmicutes;c__Clostridia;o__Clostridiales;f__Lachnospiraceae;g__GGB28835;s__GGB28835_SGB41494	0	1876	0	0	0	0	0	5738	0	0	0	127012	0	23812	0	58674	41756	9252	0	0	0	20020	0	0	0	0	216992	139346	61090	6192	0	0	13416	78670	113244	0
k__Bacteria;p__Firmicutes;c__Clostridia;o__Clostridiales;f__Lachnospiraceae;g__GGB28831;s__GGB28831_SGB41487	138642	83778	1794450	89214	36776	327362	104832	123174	30170	56196	2468	52558	510320	186024	370452	97670	106204	111754	55544	41268	59386	127094	28610	16066	60134	114836	54156	23864	15424	4658	127100	0	100050	145414	117478	24494
k__Bacteria;p__Firmicutes;c__Clostridia;o__Clostridiales;f__Lachnospiraceae;g__GGB28828;s__GGB28828_SGB41484	116700	343316	26434	3575252	3168294	2791806	68572	106942	277758	132752	176908	1146462	1549522	15260	511562	5945176	411960	1111614	965738	176582	0	406408	0	168760	613004	492444	7628	1840296	3524938	313250	2332	2534	86786	2516432	31160	0
k__Bacteria;p__Firmicutes;c__Clostridia;o__Clostridiales;f__Lachnospiraceae;g__GGB28818;s__GGB28818_SGB41473	16970	190760	359588	116482	13966	24848	9616	54672	21976	71622	103822	195796	0	0	78596	86742	82270	35830	51880	18458	10846	18992	9446	18498	3770	52728	6470	58690	85310	63712	113076	0	20078	272434	33638	25556
k__Bacteria;p__Firmicutes;c__Clostridia;o__Clostridiales;f__Lachnospiraceae;g__GGB28805;s__GGB28805_SGB41459	0	0	0	0	0	0	0	3654	17566	64242	0	346	63048	20074	12472	6526	24500	3222	0	25080	17820	6434	0	25606	1002	38676	297924	30788	21734	24378	61902	0	243954	58880	85262	4036
k__Bacteria;p__Firmicutes;c__Clostridia;o__Clostridiales;f__Lachnospiraceae;g__GGB28802;s__GGB28802_SGB41455	143266	322526	150856	668726	289392	338278	326366	133122	0	906	969028	430368	320234	25530	514684	736602	620070	112162	409388	5944	0	98904	12154	9384	138690	109478	1680	202466	736572	53206	42780	0	0	0	6914	8826
k__Bacteria;p__Firmicutes;c__Clostridia;o__Clostridiales;f__Lachnospiraceae;g__GGB28798;s__GGB28798_SGB41451	599644	2406534	11138	2471572	77768	19132	19292	912168	320942	1970186	5804	8380	5302972	1058	2200	1000822	0	408	372926	0	0	12656	1794150	1276	0	209536	75088	1967250	177178	0	0	270	2034624	0	0	534
k__Bacteria;p__Firmicutes;c__Clostridia;o__Clostridiales;f__Lachnospiraceae;g__GGB28793;s__GGB28793_SGB41446	10086	10796	217836	59140	0	14572	0	404	6352	9812	0	9358	2862	1374	3052	18982	5186	3372	15798	22282	0	8616	22664	4722	0	0	114472	3852	32998	7772	5718	0	0	62404	148184	0
k__Bacteria;p__Firmicutes;c__Clostridia;o__Clostridiales;f__Lachnospiraceae;g__GGB28792;s__GGB28792_SGB41445	0	20852	0	0	41670	12558	0	0	0	0	870	3912	31884	30836	2952	0	2542	6218	0	0	0	0	0	0	3104	6732	62	0	0	0	0	0	0	0	0	0
k__Bacteria;p__Firmicutes;c__Clostridia;o__Clostridiales;f__Lachnospiraceae;g__GGB28791;s__GGB28791_SGB41444	22590	71458	0	79632	22120	22974	4098	5546	888	868	19628	79380	105400	60646	2164592	523680	111142	11422	5616	10976	13776	8852	4982	54936	32596	54616	58798	14584	182750	55084	4796	0	8402	30546	40452	10702
k__Bacteria;p__Firmicutes;c__Clostridia;o__Clostridiales;f__Lachnospiraceae;g__GGB28790;s__GGB28790_SGB41443	90976	60848	4003304	65526	699540	430184	298626	21868	0	29238	2260	19584	15940	242078	267370	170624	76354	187646	9916	15850	5830	7872	232	2182	4962	275274	13760	0	165776	31610	0	7636	5330	0	58	48744
k__Bacteria;p__Firmicutes;c__Clostridia;o__Clostridiales;f__Lachnospiraceae;g__GGB28787;s__GGB28787_SGB41440	0	10496	0	69428	48496	16882	518	2484	0	1658	0	4906	45322	26982	12320	6706	14320	25542	1658	0	98944	1308	0	34408	12630	37342	11630	960	100596	1516	942	0	2070	0	18338	0
k__Bacteria;p__Firmicutes;c__Clostridia;o__Clostridiales;f__Lachnospiraceae;g__GGB28786;s__GGB28786_SGB41439	14724	8736	0	64174	0	29714	0	30808	0	0	1954	1348	69154	4348	3490	6232	25462	7900	0	6868	8048	3102	16512	7160	1816	0	1518638	24508	17218	8414	4400	0	13620	44768	19216	5804
k__Bacteria;p__Firmicutes;c__Clostridia;o__Clostridiales;f__Lachnospiraceae;g__GGB28784;s__GGB28784_SGB41437	24980	23698	0	0	23664	80118	11708	576	0	0	196	4048	15950	0	0	0	54024	58622	2558	0	0	0	0	0	8846	6398	0	0	65366	130	1452	0	0	0	5708	0
k__Bacteria;p__Firmicutes;c__Clostridia;o__Clostridiales;f__Lachnospiraceae;g__GGB28782;s__GGB28782_SGB41435	1244	0	313106	5308	6150	10382	2902	0	0	0	12190	6132	16046	4012	5200	20870	45940	1586	346	0	0	4114	342	1110	1484	4484	2706	13160	2178	2034	23226	1734	2354	10628	14496	1004
k__Bacteria;p__Firmicutes;c__Clostridia;o__Clostridiales;f__Lachnospiraceae;g__GGB28781;s__GGB28781_SGB41434	0	0	0	0	0	0	0	0	0	0	0	0	38052	0	0	0	0	0	28256	0	0	0	0	0	20858	0	0	0	0	0	61590	0	0	0	0	0
k__Bacteria;p__Firmicutes;c__Clostridia;o__Clostridiales;f__Lachnospiraceae;g__GGB28772;s__GGB28772_SGB41425	0	2028	7640	24564	0	0	10888	6644	0	12008	9890	7174	858	6670	5438	11018	2234	0	8804	4662	39874	3518	29748	8078	7456	21704	13166	2946	14092	0	53190	0	55010	61918	0	0
k__Bacteria;p__Firmicutes;c__Clostridia;o__Clostridiales;f__Lachnospiraceae;g__GGB28769;s__GGB28769_SGB41421	5430	51016	107188	4106	11924	7978	19192	14014	3632	15976	16250	48480	61270	29424	18342	23466	164550	11764	15700	6652	842	31468	69264	7206	4246	11664	102992	3202	40292	29532	0	0	26270	9342	24518	1758
k__Bacteria;p__Firmicutes;c__Clostridia;o__Clostridiales;f__Lachnospiraceae;g__GGB28766;s__GGB28766_SGB41417	32984	627658	400924	195256	125716	64304	131958	39608	11004	31418	153146	233674	173892	180236	116064	104120	350370	160296	101766	78988	287338	45722	60580	178872	131960	102672	238054	121424	949760	174714	113572	284	177630	152364	356684	13510
k__Bacteria;p__Firmicutes;c__Clostridia;o__Clostridiales;f__Lachnospiraceae;g__GGB28766;s__GGB28766_SGB41416	9904	84268	37590	10042	82576	39284	0	4910	0	1678	0	7874	28754	9240	856	16270	9194	3784	3024	0	664	2182	6852	0	8278	0	4404	970	11714	1348	9350	117782	42604	0	2020	5242
k__Bacteria;p__Firmicutes;c__Clostridia;o__Clostridiales;f__Lachnospiraceae;g__GGB28765;s__GGB28765_SGB41415	0	29464	7192	1548	754	10890	44000	158228	37880	196374	210930	80066	88190	56796	2116	8578	182498	4276	34580	39968	3362	28798	34648	50166	1544	9096	353002	39786	44764	4188	94812	0	252496	169744	224588	0
k__Bacteria;p__Firmicutes;c__Clostridia;o__Clostridiales;f__Lachnospiraceae;g__GGB28763;s__GGB28763_SGB41411	8546	125496	268	15780	13188	30600	2324	0	0	0	0	0	9088	9164	4446	3604	11304	36670	7706	0	0	1156	0	0	1436	0	3866	4006	8992	1642	0	0	6306	0	2296	848
k__Bacteria;p__Firmicutes;c__Clostridia;o__Clostridiales;f__Lachnospiraceae;g__GGB28621;s__GGB28621_SGB41239	3664	14816	14850	9040	4866	6944	8134	5964	2008	11026	4904	3354	26984	27268	13342	4844	20280	14424	6040	28394	1110	3118	12138	35492	12080	9430	16024	6652	81902	6338	12392	23082	45426	11478	85312	2656
k__Bacteria;p__Firmicutes;c__Clostridia;o__Clostridiales;f__Lachnospiraceae;g__GGB25041;s__GGB25041_SGB36960	0	0	0	0	0	0	0	0	0	0	0	0	0	0	8830	0	0	0	0	420608	739348	0	0	0	0	302246	0	0	14626	342120	0	1168	22434	0	1519050	64224
k__Bacteria;p__Firmicutes;c__Clostridia;o__Clostridiales;f__Lachnospiraceae;g__Dorea;s__Dorea_sp_5_2	36722	53032	84630	1912	351368	87876	134520	32810	490	0	1550	4288	58186	155794	19364	28734	73380	54458	36136	7240	0	56740	13022	59916	19592	16616	213166	9988	31224	4832	34332	100366	75760	82950	122372	111230
k__Bacteria;p__Firmicutes;c__Clostridia;o__Clostridiales;f__Lachnospiraceae;g__Acetatifactor;s__Acetatifactor_muris	0	8638	25264	6366	3156	0	294	1212	0	0	5718	672	2572	7892	2230	4770	8964	3392	0	592	1890	334	0	1806	1282	2744	1514	800	29588	378	1254	0	4972	2716	1610	722
k__Bacteria;p__Firmicutes;c__Clostridia;o__Clostridiales;f__Eubacteriaceae;g__GGB28645;s__GGB28645_SGB41268	46226	13106	21012	29680	2794	15382	0	13382	14342	1578	130	1642	0	0	2374	7316	388	3900	6678	0	0	8564	8604	14042	0	0	0	8544	0	3766	7624	0	0	1306	2318	3466
k__Bacteria;p__Firmicutes;c__Clostridia;o__Clostridiales;f__Eubacteriaceae;g__Eubacterium;s__Eubacterium_sp_14_2	0	0	0	0	0	0	0	0	0	0	0	0	0	0	1868	0	0	0	0	0	0	1720	0	0	0	0	3384	0	0	0	0	0	0	0	0	0
k__Bacteria;p__Firmicutes;c__Clostridia;o__Clostridiales;f__Clostridiales_unclassified;g__Colidextribacter;s__Colidextribacter_sp_OB_20	0	0	0	0	0	0	0	0	0	0	0	38	0	0	0	0	0	0	0	0	0	0	0	0	0	0	194	0	0	0	0	0	0	0	230	0
k__Bacteria;p__Firmicutes;c__Clostridia;o__Clostridiales;f__Clostridiales_unclassified;g__Clostridiales_unclassified;s__Clostridiales_bacterium	0	14464	11230	7556	1938	3468	269228	218974	164704	62854	306072	154574	12134	6090	9138	9602	9404	1844	275650	7996	295268	151392	3292	187662	3698	8570	9184	7916	8468	5206	257326	0	349068	32084	11342	0
k__Bacteria;p__Firmicutes;c__Clostridia;o__Clostridiales;f__Clostridiales_Family_XIII_Incertae_Sedis;g__Emergencia;s__Emergencia_sp_1XD21_10	32772	32566	24266	37104	3600	9592	27286	39070	12564	17282	19794	24964	15044	8614	11548	19576	9696	16542	37010	15096	25754	22844	21816	17902	19586	25370	15440	46806	17748	33900	26684	9120	29296	49786	27788	25362
k__Bacteria;p__Firmicutes;c__Clostridia;o__Clostridiales;f__Clostridiaceae;g__GGB30147;s__GGB30147_SGB43074	0	3460	0	0	0	0	5202	8388	952	13736	23742	33900	102090	20218	54352	41026	72972	0	18014	19018	30998	6012	22880	27378	17194	6464	127752	13034	23788	0	10476	0	17572	12530	45476	0
k__Bacteria;p__Firmicutes;c__Clostridia;o__Clostridiales;f__Clostridiaceae;g__GGB30145;s__GGB30145_SGB43072	44490	76154	541674	228840	95374	40520	111456	51718	360	27156	223408	102322	124628	19570	133558	144790	60698	70332	55686	15652	12366	16990	13682	71692	35302	10794	15010	58236	110974	42118	79388	260	18510	81776	58902	6596
k__Bacteria;p__Firmicutes;c__Clostridia;o__Clostridiales;f__Clostridiaceae;g__GGB28991;s__GGB28991_SGB41705	0	65960	0	310814	0	283352	0	208330	27412	229338	0	0	0	5120	434266	75738	377802	224796	0	81730	9610	42480	64118	77202	0	113438	132046	231146	185154	44906	0	0	770938	6994	234454	0
k__Bacteria;p__Firmicutes;c__Clostridia;o__Clostridiales;f__Clostridiaceae;g__GGB28990;s__GGB28990_SGB41704	44502	243862	137188	0	95402	0	496666	0	0	0	552172	47990	519162	60436	0	0	0	0	3488	0	0	0	0	0	16720	0	134940	0	0	0	199164	0	0	0	0	0
k__Bacteria;p__Firmicutes;c__Clostridia;o__Clostridiales;f__Clostridiaceae;g__GGB28988;s__GGB28988_SGB41701	420	1654	1084	0	0	14096	63608	376342	8024	2142	170464	42932	40000	0	5062	0	13198	191398	53050	0	0	25250	323956	0	17828	30228	366554	140932	47430	938	230336	0	756120	0	671250	600
k__Bacteria;p__Firmicutes;c__Clostridia;o__Clostridiales;f__Clostridiaceae;g__Clostridiaceae_unclassified;s__Clostridiaceae_bacterium	162302	611574	1639584	657136	360166	326898	160982	21870	5340	6228	57388	112140	284834	273800	802626	317714	156988	274192	92060	23268	146700	109562	7636	84800	82156	223910	148914	67314	280520	49386	47716	581364	43106	284294	153886	46822
k__Bacteria;p__Firmicutes;c__Clostridia;o__Clostridiales;f__Clostridiaceae;g__Candidatus_Arthromitus;s__Candidatus_Arthromitus_sp_SFB_mouse	2582	67034	34634	54200	3184	73268	1968	1534	1748	0	2238	0	0	0	0	1272	0	0	0	0	15172	3664	1476	0	0	0	0	0	34	0	0	5486	0	0	168	0
k__Bacteria;p__Firmicutes;c__Clostridia;o__Clostridia_unclassified;f__Clostridia_unclassified;g__GGB31841;s__GGB31841_SGB45219	0	0	0	0	0	0	256042	48772	2808	46704	207304	2386	0	0	0	0	498	0	50176	2142	420698	36598	71808	0	0	0	0	30448	5148	0	1067386	0	61278	80740	3106	63170
k__Bacteria;p__Firmicutes;c__Clostridia;o__Clostridia_unclassified;f__Clostridia_unclassified;g__GGB31838;s__GGB31838_SGB45216	0	14112	0	0	0	0	97718	0	0	0	1000	40960	0	0	0	0	3898	0	40300	23378	0	0	0	0	0	0	0	0	8198	1906	0	0	0	0	0	0
k__Bacteria;p__Firmicutes;c__Clostridia;o__Clostridia_unclassified;f__Clostridia_unclassified;g__GGB31835;s__GGB31835_SGB45211	0	3896	0	0	0	0	806212	793888	800920	547362	1015698	676484	98302	70678	7578	23828	49998	33860	0	264546	0	0	350848	172	57180	40078	1781528	620634	15594	339740	1622110	3816	830792	731840	451716	646940
k__Bacteria;p__Firmicutes;c__Clostridia;o__Clostridia_unclassified;f__Clostridia_unclassified;g__GGB31822;s__GGB31822_SGB45198	0	15648	0	274116	0	0	164536	1764	646	292	19188	113550	0	4110	275886	36532	18470	55718	55290	22396	5168	0	56786	198460	0	96708	99826	122420	29916	441548	177028	1772	762	4268	129412	2478
k__Bacteria;p__Firmicutes;c__Clostridia;o__Clostridia_unclassified;f__Clostridia_unclassified;g__GGB29683;s__GGB29683_SGB42492	117228	295566	130050	377542	61776	74306	0	0	0	0	0	0	36226	114898	134072	234376	111872	25824	0	0	0	0	18290	0	129262	46314	215822	117450	134664	223574	0	302	0	0	38966	54130
k__Bacteria;p__Firmicutes;c__Clostridia;o__Clostridia_unclassified;f__Clostridia_unclassified;g__GGB28422;s__GGB28422_SGB41005	3022	23736	4966	29136	7832	46174	33110	2396	6248	4692	6056	0	11496	0	1516	12466	9450	5158	0	3672	0	4472	24	2984	254	2306	11554	0	0	1636	1546	0	24484	0	4390	1630
k__Bacteria;p__Firmicutes;c__Clostridia;o__Clostridia_unclassified;f__Clostridia_unclassified;g__GGB28419;s__GGB28419_SGB41002	0	26920	46896	125590	0	62836	7156	0	54222	2704	984	6116	31442	0	70402	6940	19026	8218	0	0	3134	13290	936	7022	0	0	136930	7888	1486	2612	0	0	11160	0	0	1624
k__Bacteria;p__Firmicutes;c__Clostridia;o__Clostridia_unclassified;f__Clostridia_unclassified;g__GGB28418;s__GGB28418_SGB41001	0	0	2604	166	0	15752	0	0	0	0	96	0	1416	0	0	0	6682	3284	0	0	0	0	0	1158	0	0	0	24	760	0	408	0	0	0	0	2014
k__Bacteria;p__Firmicutes;c__Clostridia;o__Clostridia_unclassified;f__Clostridia_unclassified;g__GGB28416;s__GGB28416_SGB40998	31296	514674	0	230	3644	24030	355660	20106	0	14842	21958	33654	11850	2630	0	0	0	13528	177940	258	0	0	3670	8162	4532	0	178296	14448	0	11128	21348	0	570208	0	87610	0
k__Bacteria;p__Firmicutes;c__Clostridia;o__Clostridia_unclassified;f__Clostridia_unclassified;g__GGB28411;s__GGB28411_SGB40993	790	164944	46650	314254	17910	97982	39626	45578	14358	5178	11576	50650	36204	0	0	0	3586	0	3886	21902	2090	9832	4242	34036	852	0	0	0	77120	0	25364	0	10358	164926	7480	6232
k__Bacteria;p__Firmicutes;c__Clostridia;o__Clostridia_unclassified;f__Clostridia_unclassified;g__GGB28409;s__GGB28409_SGB40991	3516	6388	22234	9822	0	10102	31778	24374	9496	10026	27022	48214	2850	2262	2724	978	526	7494	1620	1744	4582	5610	11596	3856	844	2510	16118	1404	17874	10732	3646	0	17258	2964	6518	0
k__Bacteria;p__Firmicutes;c__Clostridia;o__Clostridia_unclassified;f__Clostridia_unclassified;g__GGB28404;s__GGB28404_SGB40986	492756	454712	250424	52662	91500	454460	28286	18352	35542	10492	47032	149026	504404	6058	291418	83056	44856	175876	70544	235770	6372	12472	0	24044	100902	88632	0	141100	14250	80702	61944	0	134710	37624	78896	0
k__Bacteria;p__Firmicutes;c__Clostridia;o__Clostridia_unclassified;f__Clostridia_unclassified;g__GGB28402;s__GGB28402_SGB40984	0	0	132186	16782	0	0	0	0	0	28298	0	0	0	0	68718	0	0	0	0	0	0	5002	0	0	0	212	0	0	0	0	0	0	0	67960	0	0
k__Bacteria;p__Firmicutes;c__Clostridia;o__Clostridia_unclassified;f__Clostridia_unclassified;g__GGB28399;s__GGB28399_SGB40980	45616	152596	220244	32858	4254	0	13808	21704	25238	0	0	195918	176	135376	8552	62164	15662	63548	13310	13488	0	8928	10874	74648	0	15618	28848	30	31002	5322	0	0	0	27914	7636	0
k__Bacteria;p__Firmicutes;c__CFGB9990;o__OFGB9990;f__FGB9990;g__GGB30408;s__GGB30408_SGB43438	35390	26470	615004	83048	54814	21198	134902	26476	7722	33348	46634	96970	155774	198870	158886	50592	167228	38850	19918	91522	23502	38302	44336	133478	64372	72774	618230	148748	103452	23742	88892	5154	36988	213216	69756	28714
k__Bacteria;p__Firmicutes;c__CFGB9960;o__OFGB9960;f__FGB9960;g__GGB30142;s__GGB30142_SGB43067	12410	51872	19160	2866	75494	35844	61280	42660	26660	114022	202388	227712	66630	128448	71752	2708	109616	9804	29452	45334	79878	19806	130132	9038	8770	30970	186542	19498	40248	818	15914	0	258474	92272	141480	45280
k__Bacteria;p__Firmicutes;c__CFGB9850;o__OFGB9850;f__FGB9850;g__GGB29622;s__GGB29622_SGB42426	11398	19814	281934	389996	14954	22248	0	4656	1444	14970	9622	0	16062	6476	129212	2044	7578	11826	4178	5330	16512	6400	28094	3560	1228	61254	274180	868	1980	550	614	0	6982	1790	4260	0
k__Bacteria;p__Firmicutes;c__CFGB9836;o__OFGB9836;f__FGB9836;g__GGB29546;s__GGB29546_SGB42338	0	0	4172	0	2188	1836	3566	0	0	45048	1140	2788	6126	0	1646	30084	1114	598	3506	0	0	46	0	0	0	4030	0	4746	6732	0	89626	0	354	264286	7756	0
k__Bacteria;p__Firmicutes;c__CFGB9827;o__OFGB9827;f__FGB9827;g__GGB29531;s__GGB29531_SGB42317	9926	53726	132824	91050	59968	28616	110104	38492	28614	73710	142660	132084	87254	115674	44150	45204	81222	38128	56120	60986	67684	37552	77770	60700	17680	52506	205570	44742	116282	31352	109084	1984	182742	181506	192394	45948
k__Bacteria;p__Firmicutes;c__CFGB9660;o__OFGB9660;f__FGB9660;g__GGB29004;s__GGB29004_SGB41721	349766	0	2895516	984910	1016342	825886	0	3942	412578	0	55090	775336	0	1230030	342206	844884	980	43146	0	639988	758006	3682	130058	700388	225126	332040	1029088	64638	902788	423400	0	0	0	1103488	0	547530
k__Bacteria;p__Firmicutes;c__CFGB9659;o__OFGB9659;f__FGB9659;g__GGB29003;s__GGB29003_SGB41719	208878	115776	59830	121036	149734	50904	0	5444	3692	0	6674	0	106438	0	147830	24840	65172	72736	2498	0	40122	612	3904	3826	1488	55296	0	66840	14428	26570	0	0	0	0	3264	0
k__Bacteria;p__Firmicutes;c__CFGB9658;o__OFGB9658;f__FGB9658;g__GGB29002;s__GGB29002_SGB41718	40338	48272	210328	40164	45546	102528	138146	89574	33310	28338	16432	119600	22394	52536	92426	34308	37332	38216	26934	21792	48344	20084	47868	25718	2232	5598	127444	67328	300626	9304	69082	234762	27750	6800	9172	22912
k__Bacteria;p__Firmicutes;c__CFGB9658;o__OFGB9658;f__FGB9658;g__GGB29001;s__GGB29001_SGB41717	6878	66532	8092	22844	29260	48014	28816	10170	1508	11118	11168	61264	112618	56650	17690	112070	54636	41908	30124	14426	30640	15718	4998	3086	14890	14012	22426	17890	101064	7334	42178	90800	88116	5772	18474	26672
k__Bacteria;p__Firmicutes;c__CFGB9656;o__OFGB9656;f__FGB9656;g__GGB28996;s__GGB28996_SGB41712	6910	72322	728114	52988	4904	38028	0	13612	3724	388	0	145690	82690	32906	136366	159842	59702	33906	19924	7806	11186	18608	5314	40658	8236	12274	51818	56244	372854	10734	0	617240	22934	111216	70746	16798
k__Bacteria;p__Firmicutes;c__CFGB9650;o__OFGB9650;f__FGB9650;g__GGB28980;s__GGB28980_SGB41692	150	51148	282404	14282	0	0	15742	70210	2994	65124	198124	91338	97186	13566	156864	19786	426	928	37640	17034	21040	8572	18578	19670	23282	42702	42150	36284	104868	2164	54126	0	70362	2084	97426	2126
k__Bacteria;p__Firmicutes;c__CFGB9644;o__OFGB9644;f__FGB9644;g__GGB28949;s__GGB28949_SGB41656	2262	8242	46460	14674	38932	10976	46860	8770	9978	26194	276260	41448	32382	116110	38322	21876	105598	18788	33022	15634	238518	9444	6126	63650	14050	29110	269736	26138	202026	17386	51898	668798	28424	34300	56378	34922
k__Bacteria;p__Firmicutes;c__CFGB9644;o__OFGB9644;f__FGB9644;g__GGB28949;s__GGB28949_SGB41655	26374	122134	165078	3142	86760	36036	189802	32668	0	1344	5874	11772	164130	447318	4822	18780	99980	14982	3366	49740	0	0	93358	3518	32930	968	391778	546	102216	11658	397980	0	209042	0	180040	199126
k__Bacteria;p__Firmicutes;c__CFGB9644;o__OFGB9644;f__FGB9644;g__GGB28946;s__GGB28946_SGB41652	816	0	86178	14874	29382	706	2710	318	0	506	2690	4274	3088	194	20228	9582	46204	1450	0	0	0	0	1232	11120	2534	3122	842	696	7406	2520	510	0	972	1780	968	0
k__Bacteria;p__Firmicutes;c__CFGB9644;o__OFGB9644;f__FGB9644;g__GGB28945;s__GGB28945_SGB41650	0	6244	0	2908	8102	6344	17066	6692	4960	2724	2770	9158	17578	65662	634	2582	732	3408	5034	4574	22110	3474	5330	39196	9528	4894	187658	2032	6302	8076	6544	2548490	11716	3596	9100	61010
k__Bacteria;p__Firmicutes;c__CFGB9639;o__OFGB9639;f__FGB9639;g__GGB28934;s__GGB28934_SGB41635	8240	55762	62548	61032	25436	27580	32336	8988	0	3474	28450	76434	141496	118402	55684	71280	135636	54224	8002	24338	18622	36600	4858	2870	36202	33386	40200	27924	143460	56204	8670	0	19116	28622	4726	590
k__Bacteria;p__Firmicutes;c__CFGB9636;o__OFGB9636;f__FGB9636;g__GGB28930;s__GGB28930_SGB41631	0	220912	6188	186	0	0	407960	172366	132330	516556	336874	428580	1086346	511102	317094	181604	933356	368570	76016	169038	176420	379188	418242	221600	170986	631900	823784	697116	0	333202	416440	638	1131806	4506	577084	52520
k__Bacteria;p__Firmicutes;c__CFGB9636;o__OFGB9636;f__FGB9636;g__GGB28929;s__GGB28929_SGB41629	0	0	0	221326	0	0	0	0	0	159470	0	0	0	856	0	548	0	0	0	0	0	0	1532	0	0	130710	10176	116832	2042	0	3778	0	36230	137776	2484	552
k__Bacteria;p__Firmicutes;c__CFGB9633;o__OFGB9633;f__FGB9633;g__GGB28883;s__GGB28883_SGB41564	16838	290844	0	963900	303692	244134	269076	30338	0	18858	0	0	503926	11182	0	10298	0	371404	0	0	13176	0	2370	22104	0	0	71628	135454	0	119648	12784	0	14148	17360	50112	4622
k__Bacteria;p__Firmicutes;c__CFGB9633;o__OFGB9633;f__FGB9633;g__GGB28881;s__GGB28881_SGB41561	6770	27220	1632246	63236	54384	9166	55162	21806	4414	76064	80596	55104	93696	93582	83966	42210	127270	12756	66886	23636	35540	94648	73100	41574	9308	55592	159366	31868	52846	19056	55882	0	135324	162924	65836	15630
k__Bacteria;p__Firmicutes;c__CFGB9629;o__OFGB9629;f__FGB9629;g__GGB28839;s__GGB28839_SGB41503	4650	89648	268310	14302	0	4454	7730	6388	9494	4500	16254	21362	0	13620	11292	14246	71650	27078	0	16882	184106	9588	0	19706	13346	13714	51958	25670	77694	11494	55596	0	7970	147110	3864	8506
k__Bacteria;p__Firmicutes;c__CFGB9618;o__OFGB9618;f__FGB9618;g__GGB28779;s__GGB28779_SGB41432	219884	216082	184920	80612	7290	184680	472670	106942	92882	25690	46812	57786	482512	430086	53168	157246	300470	84788	455128	236144	837904	254222	254222	525030	504526	1524	277164	55220	188520	0	39618	50	820964	376848	169416	175872
k__Bacteria;p__Firmicutes;c__CFGB9596;o__OFGB9596;f__FGB9596;g__GGB28682;s__GGB28682_SGB41310	0	0	0	0	0	0	0	0	4180	0	570096	282330	0	0	98212	0	768432	245830	0	0	175258	569244	0	146588	0	182574	0	540342	287168	109028	0	548	0	224374	922180	0
k__Bacteria;p__Firmicutes;c__CFGB9575;o__OFGB9575;f__FGB9575;g__GGB28632;s__GGB28632_SGB41253	1994	0	0	2082	1182	3720	3272	0	0	0	0	1482	720	0	0	59492	4876	0	0	0	0	0	0	4664	0	22936	280	2560	2900	34160	0	0	0	19550	1960	0
k__Bacteria;p__Firmicutes;c__CFGB9528;o__OFGB9528;f__FGB9528;g__GGB28456;s__GGB28456_SGB41039	9558	35462	108054	0	0	0	0	23292	0	0	0	0	0	0	778	0	0	0	0	0	0	0	0	0	0	0	0	0	0	0	0	0	0	0	0	0
k__Bacteria;p__Firmicutes;c__CFGB9517;o__OFGB9517;f__FGB9517;g__GGB28437;s__GGB28437_SGB41020	0	0	8460	0	0	6544	2202	0	9238	0	1190	0	32064	0	4312	5148	0	4288	506	0	1336	0	0	0	798	7730	0	0	0	2994	11040	0	0	1592	0	0
k__Bacteria;p__Firmicutes;c__CFGB9516;o__OFGB9516;f__FGB9516;g__GGB28433;s__GGB28433_SGB41016	236	67116	0	21786	11558	56940	18084	8588	11012	2650	1966	3908	21558	22682	49190	7156	33852	15560	6640	6954	0	1898	8844	3408	482	24056	60790	3908	4214	7444	4326	0	22710	6876	4802	0
k__Bacteria;p__Firmicutes;c__CFGB9516;o__OFGB9516;f__FGB9516;g__GGB28431;s__GGB28431_SGB41014	0	0	0	0	0	0	0	0	0	0	0	0	0	0	1714	0	0	0	0	0	0	0	0	0	0	0	576	0	0	0	0	0	0	0	0	0
k__Bacteria;p__Firmicutes;c__CFGB9516;o__OFGB9516;f__FGB9516;g__GGB28428;s__GGB28428_SGB41011	31552	82824	62564	70692	23004	91568	9236	1454	1870	25832	13540	15762	62304	1266	34290	34812	27858	26504	19678	1484	1916	2210	898	19396	3284	2914	7368	5310	25984	452	7586	0	1802	20848	94	0
k__Bacteria;p__Firmicutes;c__CFGB9512;o__OFGB9512;f__FGB9512;g__GGB28398;s__GGB28398_SGB40979	0	86720	164188	51850	16400	31056	14498	3274	5488	0	3034	75668	1260	644	17462	172	43006	4242	0	13402	0	0	1432	0	3194	2784	10064	1384	98120	150	0	0	1402	194	3972	2296
k__Bacteria;p__Firmicutes;c__CFGB9512;o__OFGB9512;f__FGB9512;g__GGB28396;s__GGB28396_SGB40977	0	6388	0	0	0	0	0	0	0	0	0	0	0	0	0	0	0	0	0	0	0	0	0	0	0	0	0	0	0	0	0	0	0	0	0	0
k__Bacteria;p__Firmicutes;c__CFGB9512;o__OFGB9512;f__FGB9512;g__GGB28394;s__GGB28394_SGB40974	4914	1700	4638	3044	0	0	3552	2226	1834	1498	5928	3266	3506	0	7424	0	1034	1110	4192	5564	0	0	4080	3574	0	114	1498	1080	3942	2314	1070	0	5660	1986	40	0
k__Bacteria;p__Firmicutes;c__CFGB9512;o__OFGB9512;f__FGB9512;g__GGB28392;s__GGB28392_SGB40972	7354	1944	0	2520	13886	7732	10466	0	0	0	320	4484	25834	12878	352	337446	122	968	1776	0	0	8470	0	13016	11580	0	2200	53970	0	0	0	0	0	0	3416	0
k__Bacteria;p__Firmicutes;c__CFGB9511;o__OFGB9511;f__FGB9511;g__GGB28387;s__GGB28387_SGB40967	0	78474	118076	10458	0	0	61302	1736	5906	52578	23802	16514	19562	0	73054	0	8518	32682	10652	0	0	710	14572	15148	7186	18798	0	0	6190	0	16710	0	0	26206	3696	0
k__Bacteria;p__Firmicutes;c__CFGB9510;o__OFGB9510;f__FGB9510;g__GGB28386;s__GGB28386_SGB40966	2706	9930	11404	4040	0	9894	2774	2314	360	1974	4346	2584	3960	3604	2404	0	1338	1358	1154	1020	3014	0	4376	674	0	624	7344	0	1390	674	2606	0	6524	6866	3556	0
k__Bacteria;p__Firmicutes;c__CFGB9508;o__OFGB9508;f__FGB9508;g__GGB28383;s__GGB28383_SGB40963	0	21886	148714	74800	0	0	0	0	0	0	0	0	0	10870	23354	0	0	0	0	4642	680	0	0	0	0	2704	22098	0	0	0	0	0	7942	0	0	0
k__Bacteria;p__Firmicutes;c__CFGB9508;o__OFGB9508;f__FGB9508;g__GGB28382;s__GGB28382_SGB40962	0	0	11912	1602	0	0	0	0	0	0	0	0	0	0	61134	142	0	0	0	0	0	0	0	0	11684	23416	0	18652	0	0	0	0	0	6692	0	0
k__Bacteria;p__Firmicutes;c__CFGB9506;o__OFGB9506;f__FGB9506;g__GGB28379;s__GGB28379_SGB40959	0	21852	74562	3232	1046	0	24494	151100	53134	152996	8088	37810	0	5062	16860	0	6226	56898	82024	93340	2890	1410	152056	65066	0	65990	10658	7660	28410	24226	24266	0	198256	150866	105296	0
k__Bacteria;p__Firmicutes;c__CFGB9495;o__OFGB9495;f__FGB9495;g__GGB28356;s__GGB28356_SGB40934	0	158974	0	0	0	0	0	9450	0	0	0	0	87242	17896	0	0	0	0	0	9410	0	0	0	0	20092	0	43784	0	0	0	0	0	362	0	0	0
k__Bacteria;p__Firmicutes;c__CFGB9479;o__OFGB9479;f__FGB9479;g__GGB28330;s__GGB28330_SGB40904	7712	0	0	28782	8304	29712	0	362	2006	3162	213112	258696	36984	426	0	0	103978	14560	604	9578	3770	2268	51882	40440	2408	3984	27976	7400	67420	0	9948	0	27688	3484	62604	40264
k__Bacteria;p__Firmicutes;c__CFGB8157;o__OFGB8157;f__FGB8157;g__GGB28904;s__GGB28904_SGB41596	5768	76062	51714	82966	0	8518	13096	22496	22516	26404	176224	64432	117762	116104	1556	68162	60346	2364	43228	3696	0	14292	63088	6530	22740	38904	366528	23898	7946	4868	82448	0	77470	45968	31988	90
k__Bacteria;p__Firmicutes;c__CFGB8157;o__OFGB8157;f__FGB8157;g__GGB28903;s__GGB28903_SGB41594	16208	117204	42706	33096	13114	9874	185106	21008	5238	64012	87452	200194	631654	527502	37314	163376	670196	27906	180630	20422	12772	61896	13478	47114	142276	59362	193042	116632	458136	47540	24418	0	57768	28370	174014	1624
k__Bacteria;p__Firmicutes;c__CFGB8157;o__OFGB8157;f__FGB8157;g__GGB28893;s__GGB28893_SGB41574	111194	65720	922768	180146	143556	140368	15286	136284	6122	17532	90036	5250	221660	13290	126662	45024	60524	121696	89628	36248	7188	946	4184	8476	4946	2468	120894	10250	69920	60912	8904	0	74288	20862	44762	1970
k__Bacteria;p__Firmicutes;c__CFGB8123;o__OFGB8123;f__FGB8123;g__GGB28959;s__GGB28959_SGB41668	4714	21942	0	17834	16962	16724	17044	0	250	0	0	25160	43798	12376	31076	35388	55706	21908	7280	56740	5792	10636	734	25318	20012	17778	191876	14108	13724	2630	2826	0	14602	59504	22020	0
k__Bacteria;p__Firmicutes;c__CFGB8123;o__OFGB8123;f__FGB8123;g__GGB28956;s__GGB28956_SGB41665	12802	14734	122878	11028	32438	4822	56780	22128	10516	20590	59386	37116	276928	142824	39948	12486	35000	6100	111496	46778	59466	91922	74662	123704	46342	22036	366226	100056	57316	4184	142206	0	133168	18212	105416	37496
k__Bacteria;p__Firmicutes;c__CFGB8123;o__OFGB8123;f__FGB8123;g__GGB25052;s__GGB25052_SGB36974	109262	348096	2876956	531028	47408	72158	107558	88734	14912	33040	55248	139740	283258	15502	157954	134932	24962	138872	29212	17026	240428	70904	21958	5802	40090	250390	27168	84360	107686	38132	21030	510678	50286	61110	89758	13712
k__Bacteria;p__Firmicutes;c__CFGB3507;o__OFGB3507;f__FGB3507;g__GGB42579;s__GGB42579_SGB59774	0	282	0	0	0	0	0	334	866	0	0	3084	4226	1080	4944	9452	0	0	0	0	0	0	0	9150	0	0	0	0	0	3700	0	0	4262	8776	2300	0
k__Bacteria;p__Firmicutes;c__CFGB31439;o__OFGB31439;f__FGB31439;g__GGB47127;s__GGB47127_SGB65054	0	6332	0	1542	0	8008	17606	13000	9960	10410	11420	8094	1208	2948	5078	1856	2090	5696	6874	8120	3266	6890	4664	12184	1448	27498	25638	17036	3630	8800	10944	0	26636	16538	7046	0
k__Bacteria;p__Firmicutes;c__CFGB28941;o__OFGB28941;f__FGB28941;g__GGB42619;s__GGB42619_SGB59815	0	0	0	50934	0	16656	33990	3282	1078	0	1504	11070	0	23262	11140	10098	54078	33522	0	10024	290	21882	0	3868	10254	109780	7934	3590	92258	34094	2978	0	13676	0	3316	606
k__Bacteria;p__Firmicutes;c__CFGB28800;o__OFGB28800;f__FGB28800;g__GGB42586;s__GGB42586_SGB59781	51470	211310	23172	66568	46988	72484	139936	36404	0	54588	6642	26744	315202	5480	170882	149252	141396	79652	28502	7456	26874	65806	390	31600	48186	78458	6782	32642	89722	34016	488	450	3074	0	1796	0
k__Bacteria;p__Firmicutes;c__CFGB28755;o__OFGB28755;f__FGB28755;g__GGB42598;s__GGB42598_SGB59794	0	0	0	0	0	0	0	0	0	0	1506	0	21582	0	0	33332	0	0	0	0	142604	4746	0	34816	0	673416	0	0	0	0	0	0	0	30950	5146	0
k__Bacteria;p__Firmicutes;c__CFGB28398;o__OFGB28398;f__FGB28398;g__GGB42344;s__GGB42344_SGB59512	7090	5520	40546	10442	10006	11330	51966	3090	0	0	808	708	1314	0	1102	0	3196	7106	10316	636	0	0	0	1298	0	0	3956	0	1508	0	2564	0	0	0	0	0
k__Bacteria;p__Firmicutes;c__CFGB28398;o__OFGB28398;f__FGB28398;g__GGB42343;s__GGB42343_SGB59511	11652	35032	17238	8704	2378	12056	38214	19800	9788	0	16714	18414	16610	1838	2864	1198	10466	13468	6848	1462	968	2450	2152	8740	1618	2562	5120	4450	5386	494	8150	0	17000	3780	5472	1474
k__Bacteria;p__Firmicutes;c__CFGB11371;o__OFGB11371;f__FGB11371;g__GGB33432;s__GGB33432_SGB65123	0	1558	2990	137234	0	0	416	23850	584360	925668	0	0	75624	172826	6988	2672	80912	70964	1762198	959176	5852	646500	481736	879960	404926	90230	55658	113712	6368	44408	1384622	82380	3028220	1003260	942232	1516302
k__Bacteria;p__Firmicutes;c__CFGB10349;o__OFGB10349;f__FGB10349;g__GGB31853;s__GGB31853_SGB45233	7010	25660	248938	7254	68840	25082	1186	0	918	0	5438	996	13408	0	2850	582	0	0	88900	2846	6180	17392	1128	0	0	59856	1180	198	0	0	2488	0	4932	35778	19886	0
k__Bacteria;p__Firmicutes;c__CFGB10348;o__OFGB10348;f__FGB10348;g__GGB31851;s__GGB31851_SGB45231	15116	5112	0	301292	0	0	3994	10650	6560	1880	2594	0	0	14962	0	0	144268	8318	0	0	4218	5862	0	11302	0	0	11372	18736	55428	18056	8042	0	6118	196048	0	1116
k__Bacteria;p__Firmicutes;c__CFGB10348;o__OFGB10348;f__FGB10348;g__GGB31851;s__GGB31851_SGB45230	136222	70128	1169406	82884	405132	638016	571398	391190	76374	220656	1395618	1558498	259302	361208	54668	539782	504500	69022	44590	257334	457142	249114	448	94646	4954	9748	851630	1598	320804	381278	19012	184424	410492	254086	607002	281664
k__Bacteria;p__Firmicutes;c__CFGB10348;o__OFGB10348;f__FGB10348;g__GGB31850;s__GGB31850_SGB45228	0	172674	10346	5252	15338	0	123362	36746	0	2772	87020	85266	164392	49088	347122	379294	0	108404	106022	7034	0	0	181934	160918	64276	185664	0	176628	301644	1420	202356	0	782	0	18240	0
k__Bacteria;p__Firmicutes;c__CFGB10340;o__OFGB10340;f__FGB10340;g__GGB31701;s__GGB31701_SGB45057	9026	67364	0	41832	1234	3004	40578	59074	22512	27660	32466	28168	39192	21146	28812	40628	25282	0	74172	25892	5382	25702	47398	46436	71974	55422	65472	105204	21774	37882	41644	0	67046	71344	48756	5322
k__Bacteria;p__Firmicutes;c__CFGB10299;o__OFGB10299;f__FGB10299;g__GGB31440;s__GGB31440_SGB44770	38342	21658	35186	43960	0	109788	95028	17686	14092	9336	19948	395702	22710	912	0	61614	9594	123440	287066	252	2586	4274	1388	81450	3250	0	0	81896	16036	66008	0	0	0	990	4154	0
k__Bacteria;p__Firmicutes;c__CFGB10299;o__OFGB10299;f__FGB10299;g__GGB31439;s__GGB31439_SGB44769	2902	25766	9380	42490	1880	12232	34492	52014	15992	28382	22390	40502	19994	10268	40472	41998	12722	47492	65026	11390	5412	4250	18918	52632	45660	21566	32516	76962	15738	29288	26512	0	46968	22364	38106	1938
k__Bacteria;p__Firmicutes;c__CFGB10299;o__OFGB10299;f__FGB10299;g__GGB31438;s__GGB31438_SGB44768	96378	75206	322450	229950	11720	41754	228568	143690	94144	78830	85180	143394	127078	195748	188044	86824	104742	123838	167528	38900	19482	134938	154478	182814	119720	156562	186804	330326	161296	109518	157756	126	61934	87014	114044	30970
k__Bacteria;p__Firmicutes;c__CFGB10253;o__OFGB10253;f__FGB10253;g__GGB31256;s__GGB31256_SGB44562	0	11066	0	15794	0	0	2810	5956	2388	18530	18716	3642	0	8620	10384	36	778	12960	0	1100	4404	438	0	7172	0	10792	0	0	0	5302	5662	0	20524	1034	5142	0
k__Bacteria;p__Firmicutes;c__Bacilli;o__Lactobacillales;f__Streptococcaceae;g__Streptococcus;s__Streptococcus_danieliae	6028	31632	5238	3562	42	4128	12234	6840	5108	338	720	824	0	4452	11682	2956	836	10074	6636	11922	12476	12004	18080	20940	5870	5566	4300	20944	510	7600	7736	100186	10556	4776	2204	6418
k__Bacteria;p__Firmicutes;c__Bacilli;o__Lactobacillales;f__Lactobacillaceae;g__Limosilactobacillus;s__Limosilactobacillus_reuteri	3127730	7524318	975130	1154482	213108	5475632	1399374	2875946	402984	694350	830954	411452	712116	326250	1430980	625484	818298	3329034	1100850	1609552	2715088	2501084	2888874	2270824	1504334	250330	111692	3268824	1164268	1336908	1428204	5404490	392762	665506	502022	1907720
k__Bacteria;p__Firmicutes;c__Bacilli;o__Lactobacillales;f__Lactobacillaceae;g__Ligilactobacillus;s__Ligilactobacillus_murinus	787574	4053896	187064	411210	266004	20556524	1736348	598668	448800	48108	136514	995884	371464	47316	961634	306326	133046	2489766	159116	441304	2362526	366474	792360	913648	295740	158934	59432	842802	196560	1004020	154088	18557406	281234	96552	206754	3520554
k__Bacteria;p__Firmicutes;c__Bacilli;o__Lactobacillales;f__Lactobacillaceae;g__Lactobacillus;s__Lactobacillus_taiwanensis	5581120	8553356	2276800	1718264	527204	2589074	1554620	3634348	510328	742872	1074032	304304	646208	267206	1205506	783250	1175334	3692370	1327866	2032292	2762212	2798644	2795318	1999474	1666650	429038	201464	1328964	2452994	2088494	1774796	8819716	797352	963124	569888	1037280
k__Bacteria;p__Firmicutes;c__Bacilli;o__Lactobacillales;f__Enterococcaceae;g__Enterococcus;s__Enterococcus_faecalis	0	0	44	0	0	0	0	0	0	0	0	0	0	0	0	0	0	0	0	0	0	0	0	0	0	0	0	0	0	0	0	0	0	0	0	0
k__Bacteria;p__Firmicutes;c__Bacilli;o__Lactobacillales;f__Aerococcaceae;g__Facklamia;s__Facklamia_tabacinasalis	0	2854	0	0	0	0	0	0	0	0	0	0	0	0	0	0	0	0	0	0	0	0	0	0	0	0	562	0	0	0	0	0	12156	0	0	0
k__Bacteria;p__Firmicutes;c__Bacilli;o__Bacillales;f__Thermoactinomycetaceae;g__Thermoactinomyces;s__Thermoactinomyces_vulgaris	0	0	0	0	0	0	0	0	0	0	0	0	0	0	0	0	0	0	0	0	0	0	0	0	0	0	0	0	0	0	0	396	0	0	0	0
k__Bacteria;p__Firmicutes;c__Bacilli;o__Bacillales;f__Staphylococcaceae;g__Staphylococcus;s__Staphylococcus_nepalensis	0	19916	0	0	0	0	0	1074	0	0	0	0	0	0	0	0	670	15494	0	0	0	0	4388	12406	0	0	0	0	0	0	0	0	0	0	0	0
k__Bacteria;p__Firmicutes;c__Bacilli;o__Bacillales;f__Staphylococcaceae;g__Mammaliicoccus;s__Mammaliicoccus_lentus	0	18362	0	0	0	0	0	1290	0	0	0	0	0	0	0	0	0	0	0	0	0	0	0	0	0	0	0	0	0	0	0	0	0	0	0	0
k__Bacteria;p__Firmicutes;c__Bacilli;o__Bacillales;f__Staphylococcaceae;g__Jeotgalicoccus;s__Jeotgalicoccus_halotolerans	0	15202	0	0	0	0	0	44	0	0	0	0	0	0	0	0	0	0	0	0	0	0	0	0	0	0	2704	0	0	0	0	1572	49240	0	0	0
k__Bacteria;p__Candidatus_Saccharibacteria;c__CFGB9318;o__OFGB9318;f__FGB9318;g__GGB27480;s__GGB27480_SGB39776	206	2450	9206	3220	240	3198	102	4536	52	480	660	498	1358	686	6572	1414	4856	3958	0	0	0	1300	1480	4024	12380	0	0	1630	790	2578	554	0	0	4240	2730	0
k__Bacteria;p__Candidatus_Melainabacteria;c__CFGB10197;o__OFGB10197;f__FGB10197;g__GGB31108;s__GGB31108_SGB44379	272	25862	31842	64126	0	0	1812	38266	7558	29308	69710	30478	4082	22312	30704	13384	18556	9118	13654	24412	1928	872	14406	78806	2330	42918	36226	49862	29336	22966	20832	0	82220	40778	31098	0
k__Bacteria;p__Bacteroidetes;c__CFGB9395;o__OFGB9395;f__FGB9395;g__GGB27929;s__GGB27929_SGB40368	371546	354034	246994	589850	74558	434264	154050	187488	118844	77940	74566	69904	69538	56526	82550	37986	117506	299082	190882	32348	256986	151580	89044	300480	469804	238942	65314	334526	54726	344536	96136	172576	94484	216720	120396	111646
k__Bacteria;p__Bacteroidetes;c__CFGB9388;o__OFGB9388;f__FGB9388;g__GGB27866;s__GGB27866_SGB40300	899546	1934418	611198	605198	170878	1239102	626072	814574	360128	189122	476178	362836	264362	110980	181770	308492	183222	650444	337542	150012	394866	542998	394124	341450	236748	167112	101008	257810	112286	387182	231044	4242	246828	233638	140888	39558
k__Bacteria;p__Bacteroidetes;c__CFGB9384;o__OFGB9384;f__FGB9384;g__GGB27861;s__GGB27861_SGB40295	88304	113860	60018	92148	8892	59122	54434	103532	48570	30806	34036	25716	19204	8786	18610	24946	22130	51502	38146	10016	42112	50638	43738	49472	48520	43526	20318	50484	9458	65596	56122	5142	36756	38940	26366	24352
k__Bacteria;p__Bacteroidetes;c__CFGB637;o__OFGB637;f__FGB637;g__GGB27849;s__GGB27849_SGB40283	226312	270208	57622	117618	61656	80004	557090	1449720	542036	241886	424942	157156	151882	175364	22218	29014	133836	142956	425854	424194	385846	330150	331230	346158	281472	185338	102540	60994	73990	175874	377040	582	530590	205342	260950	273252
k__Bacteria;p__Bacteroidetes;c__CFGB636;o__OFGB636;f__FGB636;g__GGB14001;s__GGB14001_SGB21428	438582	1704312	240220	436986	252832	412436	1152304	5216040	1063394	365458	781246	863598	145436	344642	167474	98926	307326	467340	466634	498278	406300	766236	1045170	764900	648140	428502	259274	217940	219196	515846	849394	38860	595344	367584	238718	1023932
k__Bacteria;p__Bacteroidetes;c__CFGB4425;o__OFGB4425;f__FGB4425;g__GGB27914;s__GGB27914_SGB40352	131840	136108	57142	174526	29720	101134	129196	208230	58986	73870	106128	54796	30512	22826	25820	48916	69582	85416	56840	28210	0	78064	77234	90780	76434	66038	32604	92036	44796	139810	80598	0	90022	75074	55468	31514
k__Bacteria;p__Bacteroidetes;c__CFGB10197;o__OFGB10197;f__FGB10197;g__GGB31109;s__GGB31109_SGB44380	11354	97674	494612	50030	28242	14418	58380	386172	11534	41604	136214	72962	41072	18358	82050	96562	111870	34474	20844	37266	68860	28094	46256	270264	11934	157892	251528	61858	29740	124192	103000	342	172708	144086	144592	7960
k__Bacteria;p__Bacteroidetes;c__Bacteroidia;o__Bacteroidales;f__Rikenellaceae;g__GGB27792;s__GGB27792_SGB40208	108390	953802	532304	254850	93972	351142	122298	132064	40450	31892	48038	120088	61694	83270	209080	100116	144012	369558	79788	64818	164206	260574	210134	208976	137550	217514	62130	208418	120552	276720	149596	139366	54634	129358	99930	155398
k__Bacteria;p__Bacteroidetes;c__Bacteroidia;o__Bacteroidales;f__Rikenellaceae;g__GGB27782;s__GGB27782_SGB40196	30098	44628	174194	113930	7324	30144	29742	37294	46962	21512	39732	34974	13192	22736	47410	12988	14710	35164	38834	8498	222246	64270	81626	65632	11678	107786	33146	59540	3762	29150	63906	33654	33224	118752	32572	91390
k__Bacteria;p__Bacteroidetes;c__Bacteroidia;o__Bacteroidales;f__Rikenellaceae;g__GGB27778;s__GGB27778_SGB40192	163442	1263800	590740	212842	50572	246394	191214	371068	22294	39960	161396	310546	482282	78300	803322	67950	391706	489610	330388	202050	164048	205092	359550	235340	344746	461226	95970	266238	475484	406332	276332	416	163286	318518	260454	61982
k__Bacteria;p__Bacteroidetes;c__Bacteroidia;o__Bacteroidales;f__Rikenellaceae;g__GGB24102;s__GGB24102_SGB35895	1717814	4352654	2383708	1906912	392036	1621344	842846	61898	265324	574482	889356	901058	1598288	610450	3432	911232	1339822	1534456	913482	837844	744812	792008	706846	1078938	741352	460040	800104	1914292	1424084	1031836	957126	2578	1026480	1198470	1215804	250796
k__Bacteria;p__Bacteroidetes;c__Bacteroidia;o__Bacteroidales;f__Prevotellaceae;g__Prevotella;s__Prevotella_sp_MGM1	702682	482470	1129728	1411460	191598	318930	2256466	2071482	1011074	646446	961084	2309116	668092	895394	293304	549090	552672	480090	3001478	1383608	5154776	5213688	3923300	3259392	438748	1324984	1169362	2219614	439864	922270	2928698	223676	2797882	3391480	2107382	2833058
k__Bacteria;p__Bacteroidetes;c__Bacteroidia;o__Bacteroidales;f__Odoribacteraceae;g__Odoribacter;s__Odoribacter_sp_Z80	385162	1196718	620586	1035422	162956	468176	1510832	1262656	518982	468016	659200	761460	389678	453078	394586	148430	252730	647084	915538	687420	549114	681562	583594	953834	493232	599902	798706	514110	522382	869092	871972	18616	1357954	860460	744828	258574
k__Bacteria;p__Bacteroidetes;c__Bacteroidia;o__Bacteroidales;f__Odoribacteraceae;g__GGB28248;s__GGB28248_SGB40791	507750	1346792	1643960	993198	354838	1143906	323612	255674	131410	172998	131114	495970	393854	148328	596828	9884	422582	1243858	537698	317202	256076	128108	281816	415022	580006	661828	645620	952268	849076	1179898	361736	325606	327416	452082	509158	138158
k__Bacteria;p__Bacteroidetes;c__Bacteroidia;o__Bacteroidales;f__Muribaculaceae;g__Paramuribaculum;s__Paramuribaculum_intestinale	4436236	11626148	1425336	3856204	634106	6177878	3641312	7985002	2891420	1508528	2013932	1713710	1004098	1182266	1001222	1499524	1525880	189924	2408268	1031760	2013130	2832628	2378478	2072544	2644142	1126440	782086	1326828	1017622	3150798	2498362	11588	1981630	1741576	1289984	1129042
k__Bacteria;p__Bacteroidetes;c__Bacteroidia;o__Bacteroidales;f__Muribaculaceae;g__Muribaculum;s__Muribaculum_intestinale	675678	761066	96700	362764	94990	583566	1531980	1947430	881970	459730	458090	199970	191058	345286	53012	165478	252008	601670	825344	721576	2027154	814552	1096866	987292	334074	295784	642506	133276	185664	775196	1894182	290630	1419720	380964	662240	1941220
k__Bacteria;p__Bacteroidetes;c__Bacteroidia;o__Bacteroidales;f__Muribaculaceae;g__Muribaculum;s__Muribaculum_gordoncarteri	818406	3066356	231676	2293866	128312	229016	6762798	16087176	5524794	3363128	2926080	1926906	640916	1066722	123380	521724	597700	873396	3559224	7490348	1551830	3003052	2795360	3676564	3317300	1653564	1518868	1877782	507802	3793680	5400976	36584	11897834	3657868	4281876	4832652
k__Bacteria;p__Bacteroidetes;c__Bacteroidia;o__Bacteroidales;f__Muribaculaceae;g__Muribaculaceae_unclassified;s__Muribaculaceae_bacterium_Isolate_013_NCI	99474	351402	106782	607748	22832	33250	2412	2193812	363124	623206	726898	312058	26238	34422	72588	49044	50628	118884	195410	144510	20540	73188	116316	10282	472272	163530	43450	279222	123280	295176	208030	0	42628	213824	123868	173536
k__Bacteria;p__Bacteroidetes;c__Bacteroidia;o__Bacteroidales;f__Muribaculaceae;g__Muribaculaceae_unclassified;s__Muribaculaceae_bacterium	7679568	17020846	3672816	7213572	1203400	7143616	14326976	23816322	6194970	3113384	5564836	6116068	2123352	2124536	1403084	1196814	2342322	6158622	4878794	3913170	5830686	6450270	6730728	6161572	4179048	1766748	1862724	1883490	2171960	5969488	6459870	1644806	6727656	3783048	3608226	6537244
k__Bacteria;p__Bacteroidetes;c__Bacteroidia;o__Bacteroidales;f__Muribaculaceae;g__GGB1503;s__GGB1503_SGB2082	1000712	1598026	96200	1009082	108432	1048634	0	1033118	70228	155646	619154	261572	171018	173456	196656	118210	447520	1082978	11218	214524	0	0	183552	16004	233454	237636	500268	339516	520022	873038	256692	0	949924	301356	6086	17794
k__Bacteria;p__Bacteroidetes;c__Bacteroidia;o__Bacteroidales;f__Muribaculaceae;g__GGB14014;s__GGB14014_SGB21441	61492	149350	291998	672186	2384	12492	3018	699102	856200	582302	186988	17728	2096	2842	28204	37998	5974	33614	7086	130686	14842	9508	94340	6530	29724	44320	6268	51424	6052	34680	69228	0	57950	169738	76070	69326
k__Bacteria;p__Bacteroidetes;c__Bacteroidia;o__Bacteroidales;f__Muribaculaceae;g__Duncaniella;s__Duncaniella_muris	883282	1009344	364022	722798	56684	312080	1764976	3251738	2004418	1211886	1160556	267692	163476	268528	209184	142490	174128	761672	1791398	1136736	0	1253516	1178542	737938	871252	508862	673072	818784	221466	823618	1922480	793066	2060548	1299590	1311316	2625372
k__Bacteria;p__Bacteroidetes;c__Bacteroidia;o__Bacteroidales;f__Muribaculaceae;g__Duncaniella;s__Duncaniella_freteri	2680928	4669934	1178282	1633058	391608	4164026	1332266	2672404	1383976	492078	912660	1055388	627990	368590	493528	799400	529866	1573106	815944	865700	2220062	1631004	1165204	1353356	1071018	598516	367822	895018	483410	1810048	1251846	217494	955138	926508	1076326	1418048
k__Bacteria;p__Bacteroidetes;c__Bacteroidia;o__Bacteroidales;f__Muribaculaceae;g__Duncaniella;s__Duncaniella_dubosii	6969206	12273678	4184500	7809354	1544374	5064606	7907354	14453162	6131228	2876824	2055488	2459570	2733842	2751290	1923496	2802622	2261778	4512214	8637238	1493370	8412332	8403732	2650288	3906012	5270436	3594264	2146004	6273982	2239674	7669322	4149092	628398	4279506	3233086	291138	7702038
k__Bacteria;p__Bacteroidetes;c__Bacteroidia;o__Bacteroidales;f__Bacteroidales_unclassified;g__GGB27893;s__GGB27893_SGB40327	192416	227014	95756	145784	33708	152110	171724	154868	117190	54102	90048	74196	46116	31724	48576	57276	56054	95696	163886	61316	341424	203958	219082	179958	114846	100610	72168	130386	46326	192338	311994	358206	227134	249208	162890	306996
k__Bacteria;p__Bacteroidetes;c__Bacteroidia;o__Bacteroidales;f__Bacteroidales_unclassified;g__GGB27892;s__GGB27892_SGB40326	680124	988462	134700	1013880	135578	379526	1932716	3559196	1011132	629568	860024	958328	126156	121644	85382	77620	108944	297508	256832	250664	390932	447690	416752	443800	202430	139578	170628	286946	94736	196746	337020	28748	454634	303702	232820	338508
k__Bacteria;p__Bacteroidetes;c__Bacteroidia;o__Bacteroidales;f__Bacteroidales_unclassified;g__GGB27890;s__GGB27890_SGB40324	19618	13804	20548	20112	500	10236	44724	21322	19276	7964	30276	11890	3618	1658	7300	4884	2238	7908	10256	4464	2428	2494	13200	3974	16158	5170	2790	11664	740	6046	14426	0	5068	8248	5850	7898
k__Bacteria;p__Bacteroidetes;c__Bacteroidia;o__Bacteroidales;f__Bacteroidales_unclassified;g__GGB27885;s__GGB27885_SGB40319	66378	44902	32268	89224	2738	14912	67958	52838	23996	19560	34464	18470	20770	8342	9362	16498	4288	13340	28848	27984	70922	22326	142448	45244	15396	12034	28026	72452	1332	14852	49084	137382	75994	92408	53760	133102
k__Bacteria;p__Bacteroidetes;c__Bacteroidia;o__Bacteroidales;f__Bacteroidales_unclassified;g__GGB27876;s__GGB27876_SGB40310	1538782	1054308	763518	1269798	335986	2304646	1031514	1998718	702398	334450	593938	566398	115272	307534	414956	736586	476198	1265482	1721442	615602	1537376	985862	432566	1304102	20248	788230	306430	855246	160112	1578000	843358	23220	973562	719282	316796	182054
k__Bacteria;p__Bacteroidetes;c__Bacteroidia;o__Bacteroidales;f__Bacteroidales_unclassified;g__GGB27872;s__GGB27872_SGB40306	318886	444028	50268	182816	69070	335396	305796	471758	178264	72266	84912	112030	49536	44532	24094	40312	67416	168640	95770	198404	142004	150888	160674	107740	205362	59714	59114	98086	100792	189612	163978	16486	228316	90116	76138	223052
k__Bacteria;p__Bacteroidetes;c__Bacteroidia;o__Bacteroidales;f__Bacteroidales_unclassified;g__GGB24149;s__GGB24149_SGB35953	153092	172404	29050	221582	16962	124294	82136	158802	102278	67266	75076	45854	42360	22868	28866	72106	50088	101380	135190	36494	141622	75512	126754	146664	79268	66044	46510	150966	21864	141510	143458	3874	115730	139894	90534	110364
k__Bacteria;p__Bacteroidetes;c__Bacteroidia;o__Bacteroidales;f__Bacteroidales_unclassified;g__GGB24148;s__GGB24148_SGB35952	971786	1523686	400110	1120282	232438	343508	1821342	4099230	771902	603824	943670	930582	523316	450308	552640	421722	682092	933640	2578594	933546	1448356	2122940	1028144	1377904	2281956	1203796	717606	1392336	887720	1731970	1763856	8360	2247290	1156730	1057128	1683346
k__Bacteria;p__Bacteroidetes;c__Bacteroidia;o__Bacteroidales;f__Bacteroidales_unclassified;g__GGB24146;s__GGB24146_SGB35950	157936	211928	68842	227990	29026	114330	195430	503818	191478	127690	116076	104532	59180	36376	23818	66222	55446	105934	151598	66128	164584	179804	140092	209664	171226	70346	48496	91980	60592	156682	134752	10722	160358	103526	123864	135796
k__Bacteria;p__Bacteroidetes;c__Bacteroidia;o__Bacteroidales;f__Bacteroidales_unclassified;g__GGB24132;s__GGB24132_SGB35935	180280	280472	66444	207680	37822	238854	396150	578748	334238	209096	444912	180768	42976	48764	35784	51830	148682	218264	239522	138616	55064	160770	244710	276294	273984	124592	80894	157360	128456	259340	185816	1336	410520	144660	144140	166958
k__Bacteria;p__Bacteroidetes;c__Bacteroidia;o__Bacteroidales;f__Bacteroidaceae;g__Bacteroides;s__Bacteroides_acidifaciens	586332	870540	371694	425192	59788	211834	945826	642136	779124	293486	1133866	574132	166550	31116	111644	172046	51428	183966	193748	144876	226470	318690	1929530	639832	84104	267098	350570	235422	21202	289322	1700998	8768122	845400	648714	867674	6767490
k__Bacteria;p__Bacteria_unclassified;c__CFGB9644;o__OFGB9644;f__FGB9644;g__GGB28948;s__GGB28948_SGB41654	3034	13404	100654	12778	55538	11888	39158	9060	3866	17804	6792	23188	44924	29124	22368	28884	47500	10770	12606	18240	11648	17538	36386	11656	6774	8818	126148	16276	39204	6876	15970	0	160644	49078	22798	4976
k__Bacteria;p__Bacteria_unclassified;c__CFGB8157;o__OFGB8157;f__FGB8157;g__GGB28904;s__GGB28904_SGB41597	65442	221818	1436216	145138	359302	170216	137812	25800	21326	37258	47584	64198	345394	218068	113152	128644	301898	108360	62214	45506	21880	44482	117252	47282	46634	50882	375818	89142	250190	11328	17956	15214	166178	528188	104436	61872
k__Bacteria;p__Bacteria_unclassified;c__CFGB8157;o__OFGB8157;f__FGB8157;g__GGB28901;s__GGB28901_SGB41592	149928	580044	0	0	269444	202072	20568	13220	0	0	123364	0	101392	137894	0	0	93698	31908	21852	1100	0	0	60464	114732	64132	0	81884	0	497822	7136	6012	0	18048	0	29460	29718
k__Bacteria;p__Bacteria_unclassified;c__CFGB8157;o__OFGB8157;f__FGB8157;g__GGB28898;s__GGB28898_SGB41580	24820	341008	479538	157840	50188	72612	42866	49660	1288	28096	89638	43400	41814	23032	0	5970	80602	36204	12168	9660	0	6276	7042	4288	32176	3110	57362	38862	0	0	14340	0	8674	47558	0	0
k__Bacteria;p__Bacteria_unclassified;c__CFGB8157;o__OFGB8157;f__FGB8157;g__GGB28897;s__GGB28897_SGB41579	0	0	0	0	0	0	0	0	0	0	0	0	0	0	4938	0	0	0	0	0	0	0	0	0	0	598	0	0	0	0	0	0	0	0	0	0
k__Bacteria;p__Bacteria_unclassified;c__CFGB8157;o__OFGB8157;f__FGB8157;g__GGB28894;s__GGB28894_SGB41575	19296	413760	171876	171864	5528	1718	53902	47242	2242	1440	1498	22314	1714970	603334	230150	484610	278480	165852	235838	416	818	0	532	0	20848	24372	50260	392508	159490	100156	1046	606	26592	0	9220	6752
k__Bacteria;p__Bacteria_unclassified;c__CFGB8157;o__OFGB8157;f__FGB8157;g__GGB28888;s__GGB28888_SGB41569	35404	101174	493372	135324	208460	112084	75526	10072	9834	1834	57252	55706	141394	167122	68540	41144	68482	38338	26560	12210	13530	2936	2458	39528	39264	25270	93370	53846	91068	9424	23030	184	29634	63480	33894	28106
k__Bacteria;p__Bacteria_unclassified;c__CFGB8157;o__OFGB8157;f__FGB8157;g__GGB28887;s__GGB28887_SGB41568	230	7124	16986	7830	3184	0	0	60	0	0	2764	2030	57232	150412	3752	0	1396	0	2648	4138	4538	0	0	0	25198	2998	47442	3554	8458	1724	25654	0	59878	0	137378	0
k__Bacteria;p__Bacteria_unclassified;c__CFGB8123;o__OFGB8123;f__FGB8123;g__GGB28955;s__GGB28955_SGB41663	10106	105506	2686	172218	272554	69990	294434	78772	47196	102304	511650	724522	277804	624050	362322	463506	632268	190798	44472	195448	13372	21078	217050	101670	93948	127610	421608	17366	1270170	242606	9068	608	194214	67836	732878	0
k__Bacteria;p__Bacteria_unclassified;c__CFGB8123;o__OFGB8123;f__FGB8123;g__GGB28950;s__GGB28950_SGB41657	3418	33184	89786	32934	44696	15402	18702	942	784	0	0	82926	8332	0	77450	47718	28246	35030	19812	0	157384	103502	0	6280	7716	5502	0	0	166482	942	8666	42168	1944	5848	1232	0
k__Bacteria;p__Bacteria_unclassified;c__Bacteria_unclassified;o__Bacteria_unclassified;f__Bacteria_unclassified;g__Bacteria_unclassified;s__bacterium_J10_2018	0	979902	0	0	0	0	30576	5607176	0	0	4582296	1986080	131928	744102	0	0	712754	84484	0	0	0	0	3718928	1267948	327714	0	1082992	0	1375782	0	0	3576	0	540	1346700	545830
k__Bacteria;p__Bacteria_unclassified;c__Bacteria_unclassified;o__Bacteria_unclassified;f__Bacteria_unclassified;g__Bacteria_unclassified;s__bacterium_D16_76	0	56724	189720	19026	2102	3898	90262	49978	16404	28122	35148	29078	66634	35112	60516	79140	105786	18302	29136	63984	224	6708	25444	42470	11336	24176	139270	97944	79220	12348	15116	4796	109214	27754	55010	6252
k__Bacteria;p__Bacteria_unclassified;c__Bacteria_unclassified;o__Bacteria_unclassified;f__Bacteria_unclassified;g__Bacteria_unclassified;s__bacterium_D16_63	52292	270546	90570	145740	6192	35796	16670	205548	10882	31304	10132	19070	40296	17892	19488	36536	50504	35486	10834	622	10040	2730	36698	1458	4584	9166	12788	90288	9606	10456	3064	0	5136	4670	14160	11886
k__Bacteria;p__Bacteria_unclassified;c__Bacteria_unclassified;o__Bacteria_unclassified;f__Bacteria_unclassified;g__Bacteria_unclassified;s__bacterium_D16_50	0	148408	0	0	6272	0	0	3218	0	0	1688	9478	0	98708	37896	158654	178206	1664	17622	2868	6776	14384	452	51366	0	47134	51862	122666	66786	26856	0	0	7970	0	220768	0
k__Bacteria;p__Bacteria_unclassified;c__Bacteria_unclassified;o__Bacteria_unclassified;f__Bacteria_unclassified;g__Bacteria_unclassified;s__bacterium_D16_29	3738	29552	191970	51246	17466	1982	47158	20152	634	42402	176984	89634	144726	26126	84414	44154	172540	10656	57200	15190	20460	10848	79670	29698	23618	61012	503050	104818	133124	66248	45722	0	67846	179184	158790	2076
k__Bacteria;p__Bacteria_unclassified;c__Bacteria_unclassified;o__Bacteria_unclassified;f__Bacteria_unclassified;g__Bacteria_unclassified;s__bacterium_1xD8_6	67190	0	1022674	60004	0	46814	0	0	6762	0	116518	867032	35062	139358	850436	40886	13262	6226	419356	186406	902	4358	13158	317648	184320	295772	24942	18490	27486	3580	22894	0	22856	14564	19318	0
k__Bacteria;p__Bacteria_unclassified;c__Bacteria_unclassified;o__Bacteria_unclassified;f__Bacteria_unclassified;g__Bacteria_unclassified;s__bacterium_1xD8_48	2066	41566	39714	24662	2022	12832	56926	22430	220	25690	103382	63072	103338	49730	25858	66924	36064	21470	31624	27516	0	16514	6958	28446	11888	12074	128052	36990	36472	14028	39834	0	71500	69406	81370	440
k__Bacteria;p__Bacteria_unclassified;c__Bacteria_unclassified;o__Bacteria_unclassified;f__Bacteria_unclassified;g__Bacteria_unclassified;s__bacterium_1xD42_87	0	0	45978	0	0	0	0	0	0	5242	0	0	0	0	25894	0	0	0	0	0	0	2830	0	0	2138	2490	0	25062	0	0	0	0	0	0	0	0
k__Bacteria;p__Bacteria_unclassified;c__Bacteria_unclassified;o__Bacteria_unclassified;f__Bacteria_unclassified;g__Bacteria_unclassified;s__bacterium_1xD42_67	0	2144	4748	2200	0	0	5398	3182	0	4656	10018	9638	13806	9610	2928	2836	8680	1558	2438	2052	528	0	1536	4162	0	750	14076	1680	9506	900	2700	0	8280	2744	11518	0
k__Bacteria;p__Bacteria_unclassified;c__Bacteria_unclassified;o__Bacteria_unclassified;f__Bacteria_unclassified;g__Bacteria_unclassified;s__bacterium_1xD42_62	1184	1608	0	13570	0	0	4848	14296	4458	36918	82886	15332	5160	5652	17520	7202	19758	1042	5324	10476	13730	8610	2610	22988	5648	8280	44094	11816	28604	0	34628	0	14188	126936	4652	0
k__Bacteria;p__Bacteria_unclassified;c__Bacteria_unclassified;o__Bacteria_unclassified;f__Bacteria_unclassified;g__Bacteria_unclassified;s__bacterium_1XD8_76	0	10494	0	1474	0	0	17874	6016	0	11452	17692	16166	162586	28590	5384	93820	190934	11738	27294	16722	0	17938	39518	38940	27856	30636	193956	28738	71514	60460	7200	0	282	17230	115028	0
k__Bacteria;p__Bacteria_unclassified;c__Bacteria_unclassified;o__Bacteria_unclassified;f__Bacteria_unclassified;g__Bacteria_unclassified;s__bacterium_1XD42_76	3206	39684	110598	40394	17296	8426	44486	10354	0	3256	0	42700	95138	56910	27014	25264	44138	16428	47358	18900	5740	616	1514	24676	21456	25584	59966	4778	45730	23334	20886	72852	32082	8828	87274	0
k__Bacteria;p__Bacteria_unclassified;c__Bacteria_unclassified;o__Bacteria_unclassified;f__Bacteria_unclassified;g__Bacteria_unclassified;s__bacterium_1XD42_54	23106	49450	7346	7892	5756	5064	2430	60948	2516	1162	2666	926	4994	28196	0	4518	2234	6286	7592	33864	104494	17292	3438	0	7988	342	19726	13084	3718	11008	1906	0	72942	0	1162	3694
k__Bacteria;p__Bacteria_unclassified;c__Bacteria_unclassified;o__Bacteria_unclassified;f__Bacteria_unclassified;g__Bacteria_unclassified;s__bacterium_1XD42_1	5140	41964	134380	89614	29274	21590	40968	44752	770	13790	117892	31960	66596	15948	133840	139836	8952	18288	78442	19490	1520	5950	57690	4116	11438	84248	20770	80980	57966	9446	31310	0	87082	49398	25738	0
k__Bacteria;p__Bacteria_unclassified;c__Bacteria_unclassified;o__Bacteria_unclassified;f__Bacteria_unclassified;g__Bacteria_unclassified;s__bacterium_1XD21_70	0	0	0	0	0	0	98	0	0	0	0	66	358	496	0	0	504	0	0	0	0	0	260	0	0	0	2010	0	0	0	0	0	32	1464	0	0
k__Bacteria;p__Bacteria_unclassified;c__Bacteria_unclassified;o__Bacteria_unclassified;f__Bacteria_unclassified;g__Bacteria_unclassified;s__bacterium_1XD21_13	1710	31498	59020	26708	24354	11258	42274	10038	3312	13814	21100	32652	71700	35836	21238	19088	47126	14700	11678	6622	9098	15520	3916	9530	7302	6124	1374	15594	51220	9286	576	0	11160	10462	6164	2984
k__Bacteria;p__Bacteria_unclassified;c__Bacteria_unclassified;o__Bacteria_unclassified;f__Bacteria_unclassified;g__Bacteria_unclassified;s__bacterium_0_1xD8_82	6056	12782	142088	22886	31398	13638	36706	18814	10092	50142	68806	88746	28774	34660	40462	9586	20078	5630	27834	41916	82078	17726	31894	22276	11486	30040	436184	34306	105940	9574	96276	0	38138	175496	54638	1866
k__Bacteria;p__Actinobacteria;c__Coriobacteriia;o__Eggerthellales;f__Eggerthellaceae;g__GGB30048;s__GGB30048_SGB42949	618	25788	19070	4434	13456	17674	8536	3786	9054	12774	13662	3648	1684	24456	430	776	6178	8596	4520	8738	1548	10920	5912	13622	3138	2930	55908	0	1424	12032	23232	0	64182	13050	18382	2678
k__Bacteria;p__Actinobacteria;c__Coriobacteriia;o__Eggerthellales;f__Eggerthellaceae;g__Enterorhabdus;s__Enterorhabdus_sp_P55	39602	165950	37664	82448	24370	135398	95524	131940	35064	48154	73346	69458	37784	29202	21172	35274	52818	50878	59462	31766	40566	50022	41418	20720	53100	30552	52000	41022	59852	78436	48558	46360	109798	64718	57566	41014
k__Bacteria;p__Actinobacteria;c__Coriobacteriia;o__Eggerthellales;f__Eggerthellaceae;g__Eggerthellaceae_unclassified;s__Eggerthellaceae_bacterium	1744	14766	1304	5164	1234	3040	10064	27460	2822	4892	19384	6932	3232	676	1532	2484	3770	3150	9538	4698	2226	2254	7904	2808	6160	2266	6732	3446	8456	7572	6160	1106	19556	15044	11284	4204
k__Bacteria;p__Actinobacteria;c__Coriobacteriia;o__Eggerthellales;f__Eggerthellaceae;g__Adlercreutzia;s__Adlercreutzia_muris	202120	421908	112956	31528	72962	254474	232816	458724	86258	95250	204356	194712	28606	82672	17086	7760	77790	122966	10622	60408	75926	51108	206022	140238	38482	43680	117830	44406	120306	209046	108386	264294	358816	67372	259054	196810
k__Bacteria;p__Actinobacteria;c__Coriobacteriia;o__Eggerthellales;f__Eggerthellaceae;g__Adlercreutzia;s__Adlercreutzia_mucosicola	73408	111000	85920	210898	19668	243418	83138	107312	24160	71500	47426	48416	57826	75048	19984	33530	76384	40560	62186	31968	39896	47242	41476	46306	77712	46522	55512	104648	68454	113698	55828	40942	122044	98312	59250	61658
k__Bacteria;p__Actinobacteria;c__Coriobacteriia;o__Eggerthellales;f__Eggerthellaceae;g__Adlercreutzia;s__Adlercreutzia_caecimuris	94090	509808	118320	203572	47778	313848	167330	154446	49520	57440	78746	71192	136712	72902	92652	101168	113832	126924	222652	48468	235962	85346	101010	55610	177826	72130	92530	88712	132920	99236	133142	50044	97334	205260	111606	50080
k__Bacteria;p__Actinobacteria;c__Coriobacteriia;o__Eggerthellales;f__Eggerthellaceae;g__Adlercreutzia;s__Adlercreutzia_caecicola	10394	28186	3618	19108	3176	17648	44580	77424	22668	16622	50420	16610	23040	37054	13522	10036	21776	25762	74326	23604	42576	42158	56240	32306	29092	14936	40690	11382	6520	19666	75186	3736	161114	51594	89798	41142
k__Bacteria;p__Actinobacteria;c__Coriobacteriia;o__Coriobacteriales;f__Atopobiaceae;g__Atopobiaceae_unclassified;s__Atopobiaceae_bacterium_FL090493	11414	411586	3656	1308	6688	852	76940	2163358	602000	463566	356554	60458	2628	3484	0	0	25924	7020	256518	378438	115574	17782	13788	15352	39704	269430	34654	0	22836	139466	208534	1148	519462	15560	21444	54616
k__Bacteria;p__Actinobacteria;c__Actinobacteria;o__Streptomycetales;f__Streptomycetaceae;g__GGB31179;s__GGB31179_SGB44472	14178	15376	10924	14680	6080	4752	200306	272754	193062	105914	169112	201046	3278	35880	2644	1800	7008	12704	15432	66892	523040	321980	399628	90406	3956	10988	119430	24390	9342	31982	358834	1010268	496456	250704	197252	738438
k__Bacteria;p__Actinobacteria;c__Actinobacteria;o__Corynebacteriales;f__Nocardiaceae;g__GGB30413;s__GGB30413_SGB43452	0	14352	0	10162	0	0	12604	18696	0	100232	27906	54766	21448	1076	50612	0	81590	2644	4668	0	0	2040	94068	18376	2756	13098	8584	134118	17248	18880	0	0	15260	50324	12234	0
k__Bacteria;p__Actinobacteria;c__Actinobacteria;o__Corynebacteriales;f__Nocardiaceae;g__GGB30303;s__GGB30303_SGB43268	13164	21826	60766	74406	41300	18518	3674	2644	824	8794	1330	5860	36288	10128	60864	66882	26094	16976	0	7932	1202	2182	7562	11942	10286	8334	10878	14116	38696	8270	45116	0	13576	12958	24142	1756
k__Bacteria;p__Actinobacteria;c__Actinobacteria;o__Corynebacteriales;f__Nocardiaceae;g__GGB30302;s__GGB30302_SGB43267	1962	27022	29958	24188	12368	17170	46830	26948	3576	27702	110224	7578	33252	15624	56894	5904	20834	10552	34574	17272	11466	3766	34962	35054	5338	34202	17764	40534	20804	5820	33616	0	21330	20448	129044	420
k__Bacteria;p__Actinobacteria;c__Actinobacteria;o__Corynebacteriales;f__Nocardiaceae;g__GGB30302;s__GGB30302_SGB43266	0	3446	0	8936	10690	0	1078	1112	0	12222	72538	3186	18906	3482	0	0	4522	2290	2966	10142	0	0	2454	1134	0	48046	0	3014	652	1230	2738	0	30700	13162	25386	0
k__Bacteria;p__Actinobacteria;c__Actinobacteria;o__Corynebacteriales;f__Nocardiaceae;g__GGB30301;s__GGB30301_SGB43265	1856	14890	71718	16024	18460	10882	38744	6246	4546	22948	24932	29692	32588	19468	15976	22580	11292	5982	40732	13188	1922	2076	8508	5992	3350	3074	35070	7902	16208	3638	17582	0	30390	16586	28666	1276
k__Bacteria;p__Actinobacteria;c__Actinobacteria;o__Corynebacteriales;f__Nocardiaceae;g__GGB30300;s__GGB30300_SGB43264	0	2544	0	5354	0	1220	3834	0	0	0	2006	770	5330	0	8938	1114	3098	1860	1924	226	0	0	0	3486	2836	7274	1818	118	7874	2964	0	0	3010	2780	9076	0
k__Bacteria;p__Actinobacteria;c__Actinobacteria;o__Corynebacteriales;f__Nocardiaceae;g__GGB30286;s__GGB30286_SGB43248	10048	15020	82110	52718	18400	29526	128106	13098	29752	21426	166194	48226	93262	49394	65144	45990	46500	25652	58664	25858	22494	25862	22696	26646	31576	56944	36062	93914	106250	20214	18992	49402	42720	116814	28346	9350
k__Bacteria;p__Actinobacteria;c__Actinobacteria;o__Corynebacteriales;f__Corynebacteriaceae;g__Corynebacterium;s__Corynebacterium_stationis	0	1630	0	0	0	0	0	0	0	0	0	0	0	0	0	0	0	0	0	0	0	0	0	0	0	0	0	0	0	0	0	0	3658	0	0	0
k__Bacteria;p__Actinobacteria;c__Actinobacteria;o__Corynebacteriales;f__Corynebacteriaceae;g__Corynebacterium;s__Corynebacterium_glutamicum	0	0	0	0	0	0	0	0	0	0	0	0	0	0	0	0	0	0	0	0	0	0	0	0	0	0	0	0	0	0	0	510	0	0	0	0
